source,target,asso,diss,adja
Abiotrophia,Allokutzneria,0.831543929,0.290220666,0.709779334
Abiotrophia,Anaerohalosphaera,0.816507252,0.302896639,0.697103361
Abiotrophia,Asaia,0.817129577,0.302382558,0.697617442
Abiotrophia,Bacterioplanoides,0.867611883,0.25728206,0.74271794
Abiotrophia,Blastomonas,0.87980549,0.245147415,0.754852585
Abiotrophia,Calycomorphotria,0.864035268,0.260734282,0.739265718
Abiotrophia,Candidozyma,0.847277111,0.276335746,0.723664254
Abiotrophia,Capilliphycus,0.836961301,0.285515936,0.714484064
Abiotrophia,Casimicrobium,0.862289129,0.262403193,0.737596807
Abiotrophia,Castellaniella,0.805980743,0.311463687,0.688536313
Abiotrophia,Catellatospora,0.824390989,0.29631825,0.70368175
Abiotrophia,Cellulomonas,0.802868134,0.313952119,0.686047881
Abiotrophia,Chakrabartyella,0.860484731,0.264116706,0.735883294
Abiotrophia,Chamaesiphon,0.864034228,0.26073528,0.73926472
Abiotrophia,Chitiniphilus,0.859396899,0.265144396,0.734855604
Abiotrophia,Chitinolyticbacter,0.807467296,0.310268194,0.689731806
Abiotrophia,Dichelobacter,0.803808346,0.313202534,0.686797466
Abiotrophia,Dickeya,0.807071412,0.310587015,0.689412985
Abiotrophia,Echinicola,0.845630829,0.27782114,0.72217886
Abiotrophia,Faecalimonas,0.8432943,0.279915791,0.720084209
Abiotrophia,Fastidiosipila,0.816665176,0.302766267,0.697233733
Abiotrophia,Granulicatella,0.86171668,0.262948018,0.737051982
Abiotrophia,Halomicrobium,0.828476631,0.29285096,0.70714904
Abiotrophia,Harbinvirus,0.835329583,0.286941124,0.713058876
Acetoanaerobium,Calothrix,0.805286203,0.31202067,0.68797933
Acetoanaerobium,Gloeobacter,0.819395222,0.300503559,0.699496441
Acetobacter,Acidisarcina,0.806484206,0.311059314,0.688940686
Acetobacter,Alicyclobacillus,0.800115409,0.316136514,0.683863486
Acetobacter,Annandia,0.804098626,0.312970744,0.687029256
Acetobacter,Halostagnicola,0.807095012,0.310568018,0.689431982
Acidisarcina,Alkalilimnicola,0.832298221,0.28957018,0.71042982
Acidisarcina,Anaeropeptidivorans,0.824296186,0.296398224,0.703601776
Acidisarcina,Annandia,0.806703209,0.31088325,0.68911675
Acidisarcina,Anoxybacter,0.846117949,0.277382454,0.722617546
Acidisarcina,Aromatoleum,0.849888609,0.273962945,0.726037055
Acidisarcina,Austwickia,0.81153608,0.306972247,0.693027753
Acidisarcina,Biomaibacter,0.812443473,0.306232369,0.693767631
Acidisarcina,Caldifermentibacillus,0.831474294,0.290280645,0.709719355
Acidisarcina,Catalinimonas,0.824221295,0.296461385,0.703538615
Acidisarcina,Chitinimonas,0.870107607,0.254845436,0.745154564
Acidisarcina,Chondrinema,0.805071708,0.312192483,0.687807517
Acidisarcina,Clostridium,0.808477172,0.309453412,0.690546588
Acidisarcina,Deinococcus,0.815136557,0.304025856,0.695974144
Acidisarcina,Flavobacterium,0.851550244,0.27244243,0.72755757
Acidisarcina,Frederiksenia,0.844616025,0.278732825,0.721267175
Acidisarcina,Fretibacter,0.815385278,0.303821265,0.696178735
Acidisarcina,Halalkalicoccus,0.839107259,0.283630694,0.716369306
Acidisarcina,Halorussus,0.813368979,0.305475875,0.694524125
Acidisarcina,Halostagnicola,0.80175343,0.314838506,0.685161494
Actinobaculum,Aeromonas,0.805787492,0.311618764,0.688381236
Actinobaculum,Aggregatibacter,0.858190874,0.266279107,0.733720893
Actinobaculum,Alloyangia,0.83945655,0.283322652,0.716677348
Actinobaculum,Alphabaculovirus,0.840486832,0.282412082,0.717587918
Actinobaculum,Anaerobutyricum,0.848320417,0.275390253,0.724609747
Actinobaculum,Anaeromyxobacter,0.820763564,0.29936302,0.70063698
Actinobaculum,Anaeropeptidivorans,0.844188827,0.279115722,0.720884278
Actinobaculum,Anaerostipes,0.834679077,0.287507324,0.712492676
Actinobaculum,Annandia,0.854150999,0.270045367,0.729954633
Actinobaculum,Aquipseudomonas,0.846327699,0.277193345,0.722806655
Actinobaculum,Atopobium,0.851262154,0.272706661,0.727293339
Actinobaculum,Audreyjarvisvirus,0.866601932,0.258261561,0.741738439
Actinobaculum,Aureibacter,0.833084916,0.28889019,0.71110981
Actinobaculum,Aureimonas,0.855589489,0.268710356,0.731289644
Actinobaculum,Australozyma,0.855475525,0.268816364,0.731183636
Actinobaculum,Babesia,0.804695047,0.312493962,0.687506038
Actinobaculum,Basilea,0.854428692,0.269788165,0.730211835
Actinobaculum,Brevibacillus,0.836038207,0.286323063,0.713676937
Actinobaculum,Caldinitratiruptor,0.803178484,0.31370489,0.68629511
Actinobaculum,Caminibacter,0.82578087,0.295143295,0.704856705
Actinobaculum,Catenovulum,0.831119511,0.290586036,0.709413964
Actinobaculum,Chitinimonas,0.801048781,0.315397542,0.684602458
Actinobaculum,Clostridium,0.812071276,0.306536069,0.693463931
Actinobaculum,Crocosphaera,0.819911538,0.30007371,0.69992629
Actinobaculum,Curculioniphilus,0.826822813,0.294259398,0.705740602
Actinobaculum,Desulfoscipio,0.857062063,0.267336808,0.732663192
Actinobaculum,Dickeya,0.800263333,0.316019514,0.683980486
Actinobaculum,Dolosigranulum,0.80234371,0.31436944,0.68563056
Actinobaculum,Eleftheria,0.824190767,0.296487127,0.703512873
Actinobaculum,Enterococcus,0.824149975,0.296521522,0.703478478
Actinobaculum,Frigidibacter,0.825205722,0.295630072,0.704369928
Actinobaculum,Frigoribacterium,0.812978546,0.305795237,0.694204763
Actinobaculum,Halalkalicoccus,0.831143453,0.290565437,0.709434563
Actinobaculum,Haloplanus,0.813679181,0.305221902,0.694778098
Actinobaculum,Halostagnicola,0.867419529,0.257468902,0.742531098
Aeribacillus,Aristophania,0.812879018,0.305876594,0.694123406
Aeribacillus,Bremerella,0.805537218,0.311819484,0.688180516
Aeribacillus,Delftia,0.830278603,0.291308597,0.708691403
Aeribacillus,Flaviflexus,0.814784199,0.304315462,0.695684538
Aeribacillus,Georgenia,0.833399728,0.288617629,0.711382371
Aeribacillus,Halolamina,0.849111658,0.274671023,0.725328977
Aerococcus,Allotamlana,0.810350755,0.307936068,0.692063932
Aerococcus,Amylolactobacillus,0.829064344,0.292348812,0.707651188
Aerococcus,Aquiluna,0.825591635,0.295303543,0.704696457
Aerococcus,Azospira,0.826221412,0.2947699,0.7052301
Aerococcus,Bremerella,0.814036786,0.304928856,0.695071144
Aerococcus,Dehalococcoides,0.826231011,0.294761759,0.705238241
Aerococcus,Flagellimonas,0.832425123,0.289460599,0.710539401
Aerococcus,Flaviflexus,0.810393916,0.307901026,0.692098974
Aerococcus,Haloprofundus,0.808823787,0.309173263,0.690826737
Aeromicrobium,Anaeropeptidivorans,0.828794535,0.292579447,0.707420553
Aeromicrobium,Austwickia,0.840212507,0.282654819,0.717345181
Aeromicrobium,Basilea,0.808168779,0.309702455,0.690297545
Aeromicrobium,Caldifermentibacillus,0.834779934,0.287419611,0.712580389
Aeromicrobium,Chondrinema,0.800829071,0.315571647,0.684428353
Aeromicrobium,Desemzia,0.805965319,0.311476067,0.688523933
Aeromicrobium,Desulfoscipio,0.807190841,0.310490869,0.689509131
Aeromicrobium,Ferriphaselus,0.808010609,0.309830108,0.690169892
Aeromicrobium,Fretibacter,0.809922988,0.308283159,0.691716841
Aeromicrobium,Halalkalicoccus,0.81186198,0.306706717,0.693293283
Aeromonas,Alphabaculovirus,0.824863758,0.295919112,0.704080888
Aeromonas,Aquipseudomonas,0.802382896,0.314338276,0.685661724
Aeromonas,Brevibacillus,0.803685953,0.313300213,0.686699787
Aeromonas,Carsonella,0.829650889,0.291846801,0.708153199
Aeromonas,Catellatospora,0.800107914,0.316142441,0.683857559
Aeromonas,Curculioniphilus,0.822115233,0.298232097,0.701767903
Aeromonas,Frigidibacter,0.824972618,0.29582713,0.70417287
Agathobaculum,Aquimarina,0.832803455,0.289133659,0.710866341
Agathobaculum,Claveliimonas,0.828928435,0.29246501,0.70753499
Aggregatibacter,Aggregatimonas,0.800201167,0.31606869,0.68393131
Aggregatibacter,Alicyclobacillus,0.827952239,0.293298279,0.706701721
Aggregatibacter,Alloyangia,0.879306376,0.245655882,0.754344118
Aggregatibacter,Alphabaculovirus,0.826125184,0.294851502,0.705148498
Aggregatibacter,Anaerobutyricum,0.819759198,0.300200601,0.699799399
Aggregatibacter,Anaeropeptidivorans,0.842789452,0.280366321,0.719633679
Aggregatibacter,Anaerostipes,0.876076019,0.248921656,0.751078344
Aggregatibacter,Aquaspirillum,0.800147804,0.316110895,0.683889105
Aggregatibacter,Aquipseudomonas,0.80620043,0.311287303,0.688712697
Aggregatibacter,Atopobium,0.832741399,0.28918731,0.71081269
Aggregatibacter,Audreyjarvisvirus,0.824030491,0.296622242,0.703377758
Aggregatibacter,Aureimonas,0.813027356,0.30575533,0.69424467
Aggregatibacter,Australozyma,0.840739433,0.282188383,0.717811617
Aggregatibacter,Babesia,0.810532903,0.307788155,0.692211845
Aggregatibacter,Basilea,0.873711467,0.251285229,0.748714771
Aggregatibacter,Brettanomyces,0.820905588,0.299244392,0.700755608
Aggregatibacter,Brevibacillus,0.816706283,0.302732321,0.697267679
Aggregatibacter,Caminibacter,0.814251262,0.304752964,0.695247036
Aggregatibacter,Clostridium,0.801595622,0.31496379,0.68503621
Aggregatibacter,Crocosphaera,0.815819287,0.30346393,0.69653607
Aggregatibacter,Curculioniphilus,0.821008841,0.299158118,0.700841882
Aggregatibacter,Desemzia,0.814563389,0.304496807,0.695503193
Aggregatibacter,Desulfoscipio,0.874348376,0.250650777,0.749349223
Aggregatibacter,Eleftheria,0.860056824,0.264521432,0.735478568
Aggregatibacter,Eneladusvirus,0.829599478,0.291890837,0.708109163
Aggregatibacter,Enterococcus,0.810770604,0.307595022,0.692404978
Aggregatibacter,Ferriphaselus,0.825362733,0.295497265,0.704502735
Aggregatibacter,Haemophilus,0.828259937,0.293035888,0.706964112
Aggregatibacter,Halalkalicoccus,0.80515455,0.312126136,0.687873864
Aggregatibacter,Haliotispira,0.84571539,0.277745036,0.722254964
Aggregatibacter,Haloplanus,0.869409624,0.255529231,0.744470769
Aggregatibacter,Halostagnicola,0.829650355,0.291847259,0.708152741
Aggregatibacter,Halovivax,0.808750847,0.309232237,0.690767763
Aggregatimonas,Aquaspirillum,0.80092501,0.315495634,0.684504366
Akanthomyces,Alkalibacterium,0.808033089,0.309811968,0.690188032
Akanthomyces,Eneladusvirus,0.858464839,0.266021767,0.733978233
Algicella,Allobranchiibius,0.840174613,0.282688333,0.717311667
Algicella,Alphabaculovirus,0.817458773,0.302110267,0.697889733
Algicella,Aureispira,0.834221397,0.287905021,0.712094979
Algicella,Brevibacillus,0.832340828,0.289533393,0.710466607
Algicella,Brochothrix,0.854573778,0.269653687,0.730346313
Algicella,Caminibacter,0.837403205,0.285128739,0.714871261
Algicella,Cardiobacterium,0.832180073,0.289672166,0.710327834
Algicella,Cryobacterium,0.854844553,0.269402531,0.730597469
Algicella,Dorea,0.812148528,0.306473059,0.693526941
Algicella,Frigidibacter,0.804057638,0.313003484,0.686996516
Algicella,Frigoribacterium,0.823137986,0.297373514,0.702626486
Algicella,Fusobacterium,0.84012755,0.282729951,0.717270049
Algicella,Galbibacter,0.81917154,0.30068959,0.69931041
Algicella,Gracilibacillus,0.807580694,0.31017681,0.68982319
Algicella,Halanaerobium,0.840740573,0.282187373,0.717812627
Algicella,Herbaspirillum,0.840784345,0.282148591,0.717851409
Alicyclobacillus,Alloyangia,0.82606601,0.29490167,0.70509833
Alicyclobacillus,Anaeropeptidivorans,0.828533238,0.292802631,0.707197369
Alicyclobacillus,Anaerostipes,0.840334369,0.282547015,0.717452985
Alicyclobacillus,Basilea,0.818723228,0.301062096,0.698937904
Alicyclobacillus,Brachybacterium,0.801332117,0.315172876,0.684827124
Alicyclobacillus,Desulfoscipio,0.845558349,0.277886354,0.722113646
Alicyclobacillus,Ferriphaselus,0.825524343,0.295360506,0.704639494
Alicyclobacillus,Gloeobacter,0.836385818,0.28601939,0.71398061
Alicyclobacillus,Haliotispira,0.814866507,0.304247838,0.695752162
Alicyclobacillus,Haloplanus,0.839833504,0.282989837,0.717010163
Alicyclobacillus,Hamiltonella,0.808285272,0.309608404,0.690391596
Alienimonas,Caldinitratiruptor,0.840432759,0.282459945,0.717540055
Alienimonas,Catalinimonas,0.824546326,0.296187166,0.703812834
Alkalibacterium,Changchengzhania,0.805617287,0.311755283,0.688244717
Alkalibacterium,Chitinibacter,0.813909282,0.305033374,0.694966626
Alkalibacterium,Dysosmobacter,0.846473194,0.277062093,0.722937907
Alkalibacterium,Eneladusvirus,0.824196133,0.296482603,0.703517397
Alkalihalophilus,Babesia,0.814839645,0.304269909,0.695730091
Alkalihalophilus,Duganella,0.805017943,0.312235533,0.687764467
Alkalihalophilus,Eleftheria,0.813855521,0.305077432,0.694922568
Alkalihalophilus,Eneladusvirus,0.808041925,0.309804838,0.690195162
Alkalihalophilus,Haemophilus,0.829850876,0.291675439,0.708324561
Alkalihalophilus,Halovivax,0.819548864,0.300375711,0.699624289
Alkalilimnicola,Alternaria,0.828060181,0.293206258,0.706793742
Alkalilimnicola,Anaeropeptidivorans,0.827480445,0.293700149,0.706299851
Alkalilimnicola,Anoxybacter,0.837269842,0.285245647,0.714754353
Alkalilimnicola,Aromatoleum,0.857757884,0.266685317,0.733314683
Alkalilimnicola,Auraticoccus,0.806745221,0.310849464,0.689150536
Alkalilimnicola,Austwickia,0.803362528,0.313558186,0.686441814
Alkalilimnicola,Caldifermentibacillus,0.840893899,0.282051503,0.717948497
Alkalilimnicola,Catalinimonas,0.805444396,0.311893896,0.688106104
Alkalilimnicola,Chazhemtobacterium,0.804046858,0.313012094,0.686987906
Alkalilimnicola,Chitinimonas,0.849420865,0.274389445,0.725610555
Alkalilimnicola,Citricoccus,0.823546098,0.297030219,0.702969781
Alkalilimnicola,Citrifermentans,0.821580514,0.298680001,0.701319999
Alkalilimnicola,Clostridium,0.838566476,0.284106955,0.715893045
Alkalilimnicola,Flavobacterium,0.819680769,0.300265908,0.699734092
Alkalilimnicola,Frederiksenia,0.846392219,0.277135149,0.722864851
Alkalilimnicola,Gallibacterium,0.85196312,0.272063302,0.727936698
Allobranchiibius,Alphabaculovirus,0.847924291,0.275749623,0.724250377
Allobranchiibius,Anaerotruncus,0.818538897,0.301215125,0.698784875
Allobranchiibius,Aquabacter,0.818618209,0.301149291,0.698850709
Allobranchiibius,Aquipseudomonas,0.832089343,0.289750459,0.710249541
Allobranchiibius,Aureispira,0.845219415,0.278191108,0.721808892
Allobranchiibius,Austwickia,0.826566796,0.294476827,0.705523173
Allobranchiibius,Brevibacillus,0.86598803,0.258855143,0.741144857
Allobranchiibius,Brochothrix,0.84654148,0.277000469,0.722999531
Allobranchiibius,Caminibacter,0.864942627,0.259862823,0.740137177
Allobranchiibius,Capsulimonas,0.834510446,0.287653919,0.712346081
Allobranchiibius,Cardiobacterium,0.864678935,0.260116383,0.739883617
Allobranchiibius,Cryobacterium,0.872531391,0.25245654,0.74754346
Allobranchiibius,Curculioniphilus,0.826338449,0.294670622,0.705329378
Allobranchiibius,Desulfitobacterium,0.83762804,0.284931536,0.715068464
Allobranchiibius,Dolosigranulum,0.804958351,0.312283244,0.687716756
Allobranchiibius,Electrothrix,0.831590446,0.290180594,0.709819406
Allobranchiibius,Ferriphaselus,0.815752548,0.303518905,0.696481095
Allobranchiibius,Frigidibacter,0.843602387,0.279640495,0.720359505
Allobranchiibius,Frigoribacterium,0.857165147,0.267240391,0.732759609
Allobranchiibius,Fusobacterium,0.889216502,0.235354518,0.764645482
Allobranchiibius,Galbibacter,0.849479923,0.274335631,0.725664369
Allobranchiibius,Gracilibacillus,0.845637704,0.277814953,0.722185047
Allobranchiibius,Halanaerobium,0.849912771,0.273940896,0.726059104
Allobranchiibius,Haliotispira,0.806852389,0.310763263,0.689236737
Allobranchiibius,Heliomicrobium,0.817227875,0.302301278,0.697698722
Allobranchiibius,Herbaspirillum,0.852431947,0.271632153,0.728367847
Allokutzneria,Anaerohalosphaera,0.831684926,0.290099185,0.709900815
Allokutzneria,Aurantimonas,0.822054159,0.298283289,0.701716711
Allokutzneria,Bacterioplanoides,0.821919645,0.298396008,0.701603992
Allokutzneria,Blastomonas,0.843969998,0.279311656,0.720688344
Allokutzneria,Calycomorphotria,0.811271953,0.307187278,0.692812722
Allokutzneria,Candidozyma,0.837774669,0.284802854,0.715197146
Allokutzneria,Casimicrobium,0.801609792,0.314952542,0.685047458
Allokutzneria,Castellaniella,0.812653,0.306061268,0.693938732
Allokutzneria,Chakrabartyella,0.825076402,0.295739411,0.704260589
Allokutzneria,Chitiniphilus,0.810316567,0.307963824,0.692036176
Allokutzneria,Echinicola,0.836576449,0.285852717,0.714147283
Allokutzneria,Harbinvirus,0.821583333,0.298677641,0.701322359
Allotamlana,Amylolactobacillus,0.833129553,0.28885156,0.71114844
Allotamlana,Azospira,0.819106165,0.30074394,0.69925606
Allotamlana,Dehalococcoides,0.82821262,0.293076253,0.706923747
Allotamlana,Flagellimonas,0.828933428,0.292460743,0.707539257
Allotamlana,Flaviflexus,0.845428527,0.278003123,0.721996877
Allotamlana,Georgenia,0.804991617,0.312256612,0.687743388
Allotamlana,Haloprofundus,0.838849377,0.283857907,0.716142093
Alloyangia,Anaerobutyricum,0.810602649,0.307731499,0.692268501
Alloyangia,Anaeropeptidivorans,0.828516902,0.292816579,0.707183421
Alloyangia,Anaerostipes,0.86412103,0.260652038,0.739347962
Alloyangia,Atopobium,0.8275974,0.293600579,0.706399421
Alloyangia,Audreyjarvisvirus,0.801510473,0.315031369,0.684968631
Alloyangia,Australozyma,0.809244632,0.308832777,0.691167223
Alloyangia,Babesia,0.817159394,0.302357905,0.697642095
Alloyangia,Basilea,0.862749944,0.261963792,0.738036208
Alloyangia,Brettanomyces,0.824660196,0.296091036,0.703908964
Alloyangia,Caulobacter,0.806821373,0.310788213,0.689211787
Alloyangia,Crocosphaera,0.814111042,0.304867969,0.695132031
Alloyangia,Desulfoscipio,0.859012932,0.265506184,0.734493816
Alloyangia,Eleftheria,0.874985823,0.250014177,0.749985823
Alloyangia,Eneladusvirus,0.841427141,0.281578461,0.718421539
Alloyangia,Enterococcus,0.827384765,0.293781582,0.706218418
Alloyangia,Ferriphaselus,0.821956875,0.298364814,0.701635186
Alloyangia,Haemophilus,0.843503227,0.27972913,0.72027087
Alloyangia,Haliotispira,0.8340673,0.288038799,0.711961201
Alloyangia,Haloplanus,0.863016421,0.261709361,0.738290639
Alloyangia,Halostagnicola,0.824722199,0.296038681,0.703961319
Alloyangia,Halovivax,0.813762328,0.305153791,0.694846209
Alphabaculovirus,Anaerobutyricum,0.831936092,0.289882655,0.710117345
Alphabaculovirus,Anaeropeptidivorans,0.806123973,0.311348701,0.688651299
Alphabaculovirus,Aquipseudomonas,0.875021385,0.249978614,0.750021386
Alphabaculovirus,Arenibacter,0.812348757,0.306309682,0.693690318
Alphabaculovirus,Atopobium,0.821888327,0.298422245,0.701577755
Alphabaculovirus,Audreyjarvisvirus,0.845205162,0.278203917,0.721796083
Alphabaculovirus,Aureibacter,0.806239408,0.311255998,0.688744002
Alphabaculovirus,Aureimonas,0.832001977,0.289825829,0.710174171
Alphabaculovirus,Aureispira,0.835682342,0.286633615,0.713366385
Alphabaculovirus,Australozyma,0.852281691,0.271770408,0.728229592
Alphabaculovirus,Austwickia,0.824833996,0.295944255,0.704055745
Alphabaculovirus,Basilea,0.822480563,0.297925693,0.702074307
Alphabaculovirus,Brevibacillus,0.897760524,0.226096745,0.773903255
Alphabaculovirus,Caminibacter,0.894105252,0.230102963,0.769897037
Alphabaculovirus,Cardiobacterium,0.801700217,0.314880758,0.685119242
Alphabaculovirus,Catenovulum,0.830286188,0.291302087,0.708697913
Alphabaculovirus,Cryobacterium,0.89101992,0.233431018,0.766568982
Alphabaculovirus,Curculioniphilus,0.892727677,0.231594822,0.768405178
Alphabaculovirus,Desulfoscipio,0.818894873,0.30091953,0.69908047
Alphabaculovirus,Dickeya,0.81339757,0.305452476,0.694547524
Alphabaculovirus,Dolosigranulum,0.800234431,0.316042378,0.683957622
Alphabaculovirus,Duganella,0.805832463,0.311582683,0.688417317
Alphabaculovirus,Ferriphaselus,0.809835677,0.308353955,0.691646045
Alphabaculovirus,Frigidibacter,0.884099229,0.240728864,0.759271136
Alphabaculovirus,Frigoribacterium,0.887500006,0.237170819,0.762829181
Alphabaculovirus,Fusobacterium,0.864041787,0.260728032,0.739271968
Alphabaculovirus,Galbibacter,0.801934678,0.314694552,0.685305448
Alphabaculovirus,Halanaerobium,0.878654681,0.246318208,0.753681792
Alphabaculovirus,Haliotispira,0.818692012,0.301088017,0.698911983
Alphabaculovirus,Haloplanus,0.816704695,0.302733633,0.697266367
Alphabaculovirus,Halostagnicola,0.814653147,0.304423104,0.695576896
Alphabaculovirus,Herbaspirillum,0.837985209,0.284617982,0.715382018
Alphaentomopoxvirus,Brochothrix,0.812137332,0.306482192,0.693517808
Alphaentomopoxvirus,Christensenella,0.814242231,0.304760372,0.695239628
Alternaria,Anoxybacter,0.805427241,0.311907645,0.688092355
Alternaria,Aromatoleum,0.812871739,0.305882544,0.694117456
Alternaria,Citrifermentans,0.82319783,0.2973232,0.7026768
Alternaria,Clostridium,0.820400852,0.299665771,0.700334229
Amedibacterium,Anaerohalosphaera,0.806697239,0.310888051,0.689111949
Amedibacterium,Aurantimonas,0.807153298,0.310521096,0.689478904
Amedibacterium,Bacterioplanoides,0.800867355,0.315541317,0.684458683
Amedibacterium,Blastomonas,0.807655646,0.310116393,0.689883607
Amedibacterium,Candidozyma,0.809705506,0.308459474,0.691540526
Amylibacter,Desulfomonile,0.804542592,0.312615905,0.687384095
Amylibacter,Desulfotalea,0.838734915,0.283958699,0.716041301
Amylolactobacillus,Aquiluna,0.837087144,0.285405725,0.714594275
Amylolactobacillus,Azospira,0.845188216,0.278219144,0.721780856
Amylolactobacillus,Bremerella,0.828522622,0.292811696,0.707188304
Amylolactobacillus,Dehalococcoides,0.84708758,0.276507161,0.723492839
Amylolactobacillus,Flagellimonas,0.83495551,0.287266853,0.712733147
Amylolactobacillus,Flaviflexus,0.825790569,0.29513508,0.70486492
Amylolactobacillus,Halolamina,0.818682925,0.301095562,0.698904438
Amylolactobacillus,Haloprofundus,0.836202539,0.286179543,0.713820457
Anaerobutyricum,Anaeromyxobacter,0.800069506,0.316172812,0.683827188
Anaerobutyricum,Aquipseudomonas,0.834960216,0.287262758,0.712737242
Anaerobutyricum,Atopobium,0.875477722,0.249521821,0.750478179
Anaerobutyricum,Audreyjarvisvirus,0.841062081,0.281902393,0.718097607
Anaerobutyricum,Aureibacter,0.835420424,0.286861967,0.713138033
Anaerobutyricum,Aureimonas,0.875032926,0.249967072,0.750032928
Anaerobutyricum,Australozyma,0.847694741,0.275957659,0.724042341
Anaerobutyricum,Babesia,0.806475422,0.311066374,0.688933626
Anaerobutyricum,Basilea,0.832120747,0.289723362,0.710276638
Anaerobutyricum,Brevibacillus,0.828165187,0.293116712,0.706883288
Anaerobutyricum,Caldinitratiruptor,0.815066485,0.304083471,0.695916529
Anaerobutyricum,Caminibacter,0.80459598,0.312573207,0.687426793
Anaerobutyricum,Citrifermentans,0.810347695,0.307938553,0.692061447
Anaerobutyricum,Clostridium,0.811402884,0.307080703,0.692919297
Anaerobutyricum,Crocosphaera,0.830383867,0.291218246,0.708781754
Anaerobutyricum,Curculioniphilus,0.811342792,0.307129621,0.692870379
Anaerobutyricum,Desulfoscipio,0.821585214,0.298676067,0.701323933
Anaerobutyricum,Eleftheria,0.830931108,0.29074808,0.70925192
Anaerobutyricum,Enterococcus,0.808943795,0.309076208,0.690923792
Anaerobutyricum,Frigidibacter,0.807606343,0.310156136,0.689843864
Anaerobutyricum,Frigoribacterium,0.811256789,0.307199618,0.692800382
Anaerobutyricum,Geosporobacter,0.837696301,0.284871637,0.715128363
Anaerobutyricum,Halostagnicola,0.836592861,0.285838363,0.714161637
Anaerobutyricum,Halovivax,0.817412378,0.302148657,0.697851343
Anaerohalosphaera,Asaia,0.801010843,0.315427612,0.684572388
Anaerohalosphaera,Aurantimonas,0.828165884,0.293116117,0.706883883
Anaerohalosphaera,Bacterioplanoides,0.803257745,0.313641719,0.686358281
Anaerohalosphaera,Blastomonas,0.817580701,0.302009353,0.697990647
Anaerohalosphaera,Calycomorphotria,0.818510155,0.301238979,0.698761021
Anaerohalosphaera,Candidozyma,0.817680793,0.301926487,0.698073513
Anaerohalosphaera,Casimicrobium,0.810764077,0.307600327,0.692399673
Anaerohalosphaera,Castellaniella,0.836680628,0.285761589,0.714238411
Anaerohalosphaera,Catellatospora,0.817482461,0.302090665,0.697909335
Anaerohalosphaera,Chakrabartyella,0.833640438,0.288409052,0.711590948
Anaerohalosphaera,Chamaesiphon,0.807369135,0.310347277,0.689652723
Anaerohalosphaera,Chitiniphilus,0.824565897,0.296170646,0.703829354
Anaerohalosphaera,Echinicola,0.827103113,0.294021162,0.705978838
Anaerohalosphaera,Endoriftia,0.804836856,0.312380492,0.687619508
Anaerohalosphaera,Fastidiosipila,0.806824333,0.310785832,0.689214168
Anaerohalosphaera,Granulicatella,0.802199498,0.314484103,0.685515897
Anaeromyxobacter,Annandia,0.838995333,0.283729332,0.716270668
Anaeromyxobacter,Aquipseudomonas,0.811253623,0.307202195,0.692797805
Anaeromyxobacter,Audreyjarvisvirus,0.832309591,0.289560365,0.710439635
Anaeromyxobacter,Austwickia,0.807883749,0.309932453,0.690067547
Anaeromyxobacter,Babesia,0.810611755,0.307724102,0.692275898
Anaeromyxobacter,Caldinitratiruptor,0.811494659,0.307005978,0.692994022
Anaeromyxobacter,Halostagnicola,0.858507544,0.265981631,0.734018369
Anaeropeptidivorans,Anaerostipes,0.853253482,0.270874988,0.729125012
Anaeropeptidivorans,Annandia,0.822846673,0.297618319,0.702381681
Anaeropeptidivorans,Aquincola,0.805915959,0.311515682,0.688484318
Anaeropeptidivorans,Aromatoleum,0.852487833,0.271580713,0.728419287
Anaeropeptidivorans,Audreyjarvisvirus,0.811553691,0.306957903,0.693042097
Anaeropeptidivorans,Australozyma,0.810502966,0.307812471,0.692187529
Anaeropeptidivorans,Austwickia,0.857269078,0.267143147,0.732856853
Anaeropeptidivorans,Basilea,0.872352345,0.252633782,0.747366218
Anaeropeptidivorans,Brevibacillus,0.807220985,0.310466596,0.689533404
Anaeropeptidivorans,Caldifermentibacillus,0.829703911,0.291801378,0.708198622
Anaeropeptidivorans,Caldinitratiruptor,0.807411318,0.310313295,0.689686705
Anaeropeptidivorans,Caminibacter,0.801635694,0.314931982,0.685068018
Anaeropeptidivorans,Catalinimonas,0.802962867,0.313876674,0.686123326
Anaeropeptidivorans,Chitinimonas,0.8371886,0.285316842,0.714683158
Anaeropeptidivorans,Clostridium,0.857176089,0.267230155,0.732769845
Anaeropeptidivorans,Deinococcus,0.820746123,0.299377585,0.700622415
Anaeropeptidivorans,Desemzia,0.825776553,0.295146953,0.704853047
Anaeropeptidivorans,Desulfoscipio,0.866810489,0.258059597,0.741940403
Anaeropeptidivorans,Eleftheria,0.81603574,0.303285559,0.696714441
Anaeropeptidivorans,Enterococcus,0.809704726,0.308460106,0.691539894
Anaeropeptidivorans,Ferriphaselus,0.844277487,0.2790363,0.7209637
Anaeropeptidivorans,Flavobacterium,0.813218185,0.305599259,0.694400741
Anaeropeptidivorans,Frederiksenia,0.819682551,0.300264424,0.699735576
Anaeropeptidivorans,Halalkalicoccus,0.873653724,0.251342671,0.748657329
Anaeropeptidivorans,Haliotispira,0.814961197,0.304170021,0.695829979
Anaeropeptidivorans,Haloplanus,0.837919221,0.284675938,0.715324062
Anaeropeptidivorans,Halorussus,0.82165193,0.298620219,0.701379781
Anaeropeptidivorans,Halostagnicola,0.841624282,0.281403374,0.718596626
Anaeropeptidivorans,Halovivax,0.802946117,0.313890015,0.686109985
Anaeropeptidivorans,Hamiltonella,0.805440245,0.311897223,0.688102777
Anaerostipes,Atopobium,0.801572413,0.314982211,0.685017789
Anaerostipes,Audreyjarvisvirus,0.806488357,0.311055978,0.688944022
Anaerostipes,Australozyma,0.826338043,0.294670967,0.705329033
Anaerostipes,Babesia,0.800783211,0.315607976,0.684392024
Anaerostipes,Basilea,0.873889387,0.251108157,0.748891843
Anaerostipes,Brettanomyces,0.818775832,0.301018411,0.698981589
Anaerostipes,Clostridium,0.814162066,0.304826126,0.695173874
Anaerostipes,Crocosphaera,0.806829019,0.310782063,0.689217937
Anaerostipes,Desemzia,0.821732969,0.298552366,0.701447634
Anaerostipes,Desulfoscipio,0.878978079,0.245989757,0.754010243
Anaerostipes,Eleftheria,0.82742955,0.293743468,0.706256532
Anaerostipes,Eneladusvirus,0.823122074,0.297386891,0.702613109
Anaerostipes,Enterococcus,0.812836282,0.305911521,0.694088479
Anaerostipes,Ferriphaselus,0.846511199,0.277027797,0.722972203
Anaerostipes,Haemophilus,0.807758344,0.310033592,0.689966408
Anaerostipes,Halalkalicoccus,0.841970541,0.281095588,0.718904412
Anaerostipes,Haliotispira,0.853325461,0.270808548,0.729191452
Anaerostipes,Haloplanus,0.859881645,0.264686942,0.735313058
Anaerostipes,Halostagnicola,0.809990701,0.308228242,0.691771758
Anaerostipes,Halovivax,0.823897697,0.296734143,0.703265857
Anaerotruncus,Austwickia,0.805145607,0.312133299,0.687866701
Anaerotruncus,Brevibacillus,0.804432826,0.312703673,0.687296327
Anaerotruncus,Caminibacter,0.80282338,0.313987754,0.686012246
Anaerotruncus,Capsulimonas,0.818955916,0.300868812,0.699131188
Anaerotruncus,Cryobacterium,0.807106336,0.310558903,0.689441097
Anaerotruncus,Dolosigranulum,0.835655592,0.286656945,0.713343055
Anaerotruncus,Electrothrix,0.818355082,0.301367647,0.698632353
Anaerotruncus,Ferriphaselus,0.813096784,0.305698557,0.694301443
Anaerotruncus,Fusobacterium,0.800520523,0.315815988,0.684184012
Anaerotruncus,Galbibacter,0.826312938,0.294692265,0.705307735
Anaerotruncus,Heliomicrobium,0.81892673,0.300893063,0.699106937
Anaerotruncus,Herbaspirillum,0.812649823,0.306063863,0.693936137
Anatilimnocola,Arsenicicoccus,0.861338596,0.263307239,0.736692761
Anatilimnocola,Clostridioides,0.81498988,0.304146445,0.695853555
Anatilimnocola,Ekhidna,0.806277795,0.311225164,0.688774836
Anatilimnocola,Electrothrix,0.81720653,0.302318929,0.697681071
Anatilimnocola,Faustvirus,0.832905769,0.289045179,0.710954821
Anatilimnocola,Halocatena,0.878665304,0.246307426,0.753692574
Anatilimnocola,Heliomicrobium,0.828527079,0.29280789,0.70719211
Annandia,Aquipseudomonas,0.835671008,0.2866435,0.7133565
Annandia,Atopobium,0.803991054,0.313056661,0.686943339
Annandia,Audreyjarvisvirus,0.852174679,0.27186883,0.72813117
Annandia,Aureibacter,0.81385906,0.305074532,0.694925468
Annandia,Austwickia,0.803209921,0.313679836,0.686320164
Annandia,Basilea,0.802919768,0.313911,0.686089
Annandia,Biomaibacter,0.801339491,0.315167027,0.684832973
Annandia,Brevibacillus,0.805940589,0.311495916,0.688504084
Annandia,Caldinitratiruptor,0.817083182,0.302420914,0.697579086
Annandia,Catenovulum,0.827938689,0.293309829,0.706690171
Annandia,Chitinimonas,0.820778999,0.29935013,0.70064987
Annandia,Desulfoscipio,0.804763084,0.312439527,0.687560473
Annandia,Frigidibacter,0.81812998,0.301554324,0.698445676
Annandia,Halalkalicoccus,0.807697511,0.310082641,0.689917359
Annandia,Halorussus,0.801558984,0.31499287,0.68500713
Annandia,Halostagnicola,0.871992019,0.2529901,0.7470099
Anoxybacter,Aromatoleum,0.871782955,0.253196608,0.746803392
Anoxybacter,Austwickia,0.814591018,0.304474122,0.695525878
Anoxybacter,Caldifermentibacillus,0.811715532,0.306826065,0.693173935
Anoxybacter,Catalinimonas,0.830458083,0.291154527,0.708845473
Anoxybacter,Chitinimonas,0.837663867,0.284900099,0.715099901
Anoxybacter,Flavobacterium,0.839010386,0.283716067,0.716283933
Anoxybacter,Frederiksenia,0.873358729,0.251635918,0.748364082
Aquabacter,Aquicella,0.863412902,0.261330344,0.738669656
Aquabacter,Brochothrix,0.837873558,0.284716036,0.715283964
Aquabacter,Capsulimonas,0.87235823,0.252627958,0.747372042
Aquabacter,Cardiobacterium,0.807265644,0.310430633,0.689569367
Aquabacter,Christensenella,0.816009017,0.303307585,0.696692415
Aquabacter,Chromohalobacter,0.870887489,0.25407923,0.74592077
Aquabacter,Desulfitobacterium,0.85282826,0.271267156,0.728732844
Aquabacter,Evansella,0.866136409,0.2587118,0.7412882
Aquabacter,Ferrimonas,0.877810784,0.247173235,0.752826765
Aquabacter,Galbibacter,0.849739108,0.274099336,0.725900664
Aquabacter,Gracilibacillus,0.872612567,0.252376141,0.747623859
Aquabacter,Haloterrigena,0.866646377,0.258218534,0.741781466
Aquabacter,Heliomicrobium,0.856210317,0.268132135,0.731867865
Aquaspirillum,Curculioniphilus,0.82249295,0.297915298,0.702084702
Aquaspirillum,Haliotispira,0.809618616,0.308529888,0.691470112
Aquicella,Capsulimonas,0.824697859,0.296059234,0.703940766
Aquicella,Christensenella,0.801643747,0.314925589,0.685074411
Aquicella,Chromohalobacter,0.854459829,0.26975931,0.73024069
Aquicella,Croceimicrobium,0.807774253,0.310020763,0.689979237
Aquicella,Desulfitobacterium,0.800102372,0.316146823,0.683853177
Aquicella,Evansella,0.845158846,0.278245534,0.721754466
Aquicella,Ferrimonas,0.857402124,0.26701861,0.73298139
Aquicella,Gracilibacillus,0.817633795,0.301965399,0.698034601
Aquicella,Haloterrigena,0.892580996,0.231753106,0.768246894
Aquicella,Heliomicrobium,0.843590065,0.279651511,0.720348489
Aquiluna,Azospira,0.850502708,0.273401986,0.726598014
Aquiluna,Bremerella,0.824763971,0.296003403,0.703996597
Aquiluna,Dehalococcoides,0.841827316,0.28122294,0.71877706
Aquiluna,Flagellimonas,0.812884271,0.305872301,0.694127699
Aquiluna,Haloprofundus,0.80989568,0.308305303,0.691694697
Aquimarina,Claveliimonas,0.834338251,0.287803534,0.712196466
Aquincola,Chitinimonas,0.805870848,0.311551883,0.688448117
Aquincola,Chloroherpeton,0.861038825,0.263591706,0.736408294
Aquincola,Clostridium,0.826312461,0.29469267,0.70530733
Aquincola,Cutaneotrichosporon,0.844806161,0.278562237,0.721437763
Aquincola,Cylindrospermum,0.813076587,0.305715074,0.694284926
Aquincola,Desulfoscipio,0.809687471,0.30847409,0.69152591
Aquincola,Halorussus,0.810051439,0.308178975,0.691821025
Aquincola,Hamiltonella,0.828759018,0.292609793,0.707390207
Aquipseudomonas,Atopobium,0.821132026,0.299055157,0.700944843
Aquipseudomonas,Audreyjarvisvirus,0.872075137,0.25290795,0.74709205
Aquipseudomonas,Aureibacter,0.835853898,0.286483946,0.713516054
Aquipseudomonas,Aureimonas,0.826859595,0.294228147,0.705771853
Aquipseudomonas,Australozyma,0.836301298,0.286093256,0.713906744
Aquipseudomonas,Austwickia,0.804928948,0.312306782,0.687693218
Aquipseudomonas,Basilea,0.800081344,0.316163451,0.683836549
Aquipseudomonas,Brevibacillus,0.873280567,0.251713561,0.748286439
Aquipseudomonas,Caldinitratiruptor,0.817015645,0.302476739,0.697523261
Aquipseudomonas,Caminibacter,0.855405517,0.268881464,0.731118536
Aquipseudomonas,Catenovulum,0.845880216,0.277596635,0.722403365
Aquipseudomonas,Crocosphaera,0.801903968,0.314718948,0.685281052
Aquipseudomonas,Cryobacterium,0.856176014,0.268164116,0.731835884
Aquipseudomonas,Curculioniphilus,0.855165977,0.26910409,0.73089591
Aquipseudomonas,Dickeya,0.819933269,0.300055604,0.699944396
Aquipseudomonas,Dolosigranulum,0.800194003,0.316074356,0.683925644
Aquipseudomonas,Frigidibacter,0.86532957,0.259490298,0.740509702
Aquipseudomonas,Frigoribacterium,0.854735515,0.269503696,0.730496304
Aquipseudomonas,Fusobacterium,0.845642142,0.277810959,0.722189041
Aquipseudomonas,Halanaerobium,0.848025226,0.275658098,0.724341902
Aquipseudomonas,Halostagnicola,0.846787206,0.276778606,0.723221394
Aquipseudomonas,Herbaspirillum,0.821303073,0.298912134,0.701087866
Arenibacter,Aureispira,0.812984226,0.305790594,0.694209406
Arenibacter,Australozyma,0.817117749,0.302392337,0.697607663
Arenibacter,Basilea,0.814680434,0.304400695,0.695599305
Arenibacter,Caminibacter,0.817639068,0.301961034,0.698038966
Arenibacter,Cryobacterium,0.801581393,0.314975084,0.685024916
Arenibacter,Ferriphaselus,0.800107274,0.316142947,0.683857053
Arenibacter,Haliotispira,0.80708771,0.310573896,0.689426104
Arenibacter,Haloplanus,0.821676355,0.29859977,0.70140023
Aristophania,Delftia,0.84275916,0.280393331,0.719606669
Aristophania,Egbenema,0.839038423,0.283691362,0.716308638
Aristophania,Halolamina,0.806055407,0.311403751,0.688596249
Aromatoleum,Austwickia,0.863509386,0.261238028,0.738761972
Aromatoleum,Caldifermentibacillus,0.820918532,0.299233578,0.700766422
Aromatoleum,Caldinitratiruptor,0.811001379,0.307407401,0.692592599
Aromatoleum,Catalinimonas,0.831936028,0.289882711,0.710117289
Aromatoleum,Chitinimonas,0.863068347,0.261659754,0.738340246
Aromatoleum,Clostridium,0.834884679,0.287328488,0.712671512
Aromatoleum,Deinococcus,0.841595555,0.281428894,0.718571106
Aromatoleum,Flavobacterium,0.867963539,0.256940131,0.743059869
Aromatoleum,Frederiksenia,0.876543562,0.248451643,0.751548357
Aromatoleum,Gallibacterium,0.816577611,0.302838562,0.697161438
Aromatoleum,Halalkalicoccus,0.833694298,0.28836236,0.71163764
Aromatoleum,Halostagnicola,0.803902127,0.313127668,0.686872332
Arsenicicoccus,Ekhidna,0.822229968,0.298135902,0.701864098
Arsenicicoccus,Faustvirus,0.89128128,0.233150939,0.766849061
Arsenicicoccus,Halocatena,0.87362154,0.25137468,0.74862532
Arsenicicoccus,Halocella,0.804328866,0.312786776,0.687213224
Asaia,Blastomonas,0.817427106,0.302136471,0.697863529
Asaia,Calycomorphotria,0.848516348,0.275212329,0.724787671
Asaia,Casimicrobium,0.838555937,0.284116229,0.715883771
Asaia,Castellaniella,0.808620357,0.309337714,0.690662286
Asaia,Catellatospora,0.810864983,0.307518306,0.692481694
Asaia,Chakrabartyella,0.840052098,0.28279666,0.71720334
Asaia,Chamaesiphon,0.840322184,0.282557796,0.717442204
Asaia,Chitiniphilus,0.836492319,0.285926285,0.714073715
Asaia,Echinicola,0.808014865,0.309826673,0.690173327
Asaia,Fastidiosipila,0.817869742,0.301769993,0.698230007
Asaia,Granulicatella,0.844964703,0.278419914,0.721580086
Asaia,Harbinvirus,0.801880861,0.314737302,0.685262698
Atopobium,Audreyjarvisvirus,0.835639043,0.286671378,0.713328622
Atopobium,Aureibacter,0.842521371,0.280605265,0.719394735
Atopobium,Aureimonas,0.860783871,0.263833403,0.736166597
Atopobium,Australozyma,0.849790763,0.274052218,0.725947782
Atopobium,Babesia,0.82244578,0.297954879,0.702045121
Atopobium,Basilea,0.84157992,0.281442783,0.718557217
Atopobium,Brevibacillus,0.822047236,0.298289092,0.701710908
Atopobium,Caminibacter,0.808557048,0.309388875,0.690611125
Atopobium,Catenovulum,0.818094152,0.301584025,0.698415975
Atopobium,Citrifermentans,0.819344057,0.300546122,0.699453878
Atopobium,Crocosphaera,0.802672875,0.314107565,0.685892435
Atopobium,Curculioniphilus,0.81587236,0.303420204,0.696579796
Atopobium,Desulfoscipio,0.812072543,0.306535037,0.693464963
Atopobium,Eleftheria,0.842254623,0.280842818,0.719157182
Atopobium,Endoriftia,0.801105664,0.31535245,0.68464755
Atopobium,Eneladusvirus,0.817632469,0.301966497,0.698033503
Atopobium,Enterococcus,0.802737511,0.314056117,0.685943883
Atopobium,Frigidibacter,0.80831806,0.309581928,0.690418072
Atopobium,Frigoribacterium,0.806228037,0.31126513,0.68873487
Atopobium,Geosporobacter,0.834003436,0.288094224,0.711905776
Atopobium,Halostagnicola,0.848081359,0.275607185,0.724392815
Audreyjarvisvirus,Aureibacter,0.82746093,0.29371676,0.70628324
Audreyjarvisvirus,Aureimonas,0.837426072,0.285108688,0.714891312
Audreyjarvisvirus,Australozyma,0.842962948,0.280211573,0.719788427
Audreyjarvisvirus,Babesia,0.828082682,0.293187072,0.706812928
Audreyjarvisvirus,Basilea,0.826258676,0.294738294,0.705261706
Audreyjarvisvirus,Brevibacillus,0.833681941,0.288373073,0.711626927
Audreyjarvisvirus,Caldinitratiruptor,0.804088431,0.312978888,0.687021112
Audreyjarvisvirus,Caminibacter,0.825385307,0.295478166,0.704521834
Audreyjarvisvirus,Catenovulum,0.827251131,0.293895278,0.706104722
Audreyjarvisvirus,Crocosphaera,0.83257226,0.289333493,0.710666507
Audreyjarvisvirus,Cryobacterium,0.808196067,0.309680427,0.690319573
Audreyjarvisvirus,Curculioniphilus,0.837216008,0.285292825,0.714707175
Audreyjarvisvirus,Desulfoscipio,0.8224023,0.297991359,0.702008641
Audreyjarvisvirus,Dolosigranulum,0.81971655,0.300236116,0.699763884
Audreyjarvisvirus,Enterococcus,0.815293078,0.303897123,0.696102877
Audreyjarvisvirus,Frigidibacter,0.849743395,0.274095426,0.725904574
Audreyjarvisvirus,Frigoribacterium,0.807989011,0.309847535,0.690152465
Audreyjarvisvirus,Halostagnicola,0.870548742,0.254412321,0.745587679
Aurantimonas,Candidozyma,0.833932624,0.288155666,0.711844334
Aurantimonas,Chakrabartyella,0.811166374,0.30727319,0.69272681
Aurantimonas,Echinicola,0.818640593,0.301130708,0.698869292
Aurantimonas,Faecalimonas,0.80124063,0.315245436,0.684754564
Aurantimonas,Harbinvirus,0.812234598,0.306402841,0.693597159
Auraticoccus,Frederiksenia,0.810781605,0.307586081,0.692413919
Aureibacter,Aureimonas,0.826378046,0.294637026,0.705362974
Aureibacter,Brevibacillus,0.807657287,0.31011507,0.68988493
Aureibacter,Caldinitratiruptor,0.820992355,0.299171895,0.700828105
Aureibacter,Castellaniella,0.802937293,0.313897043,0.686102957
Aureibacter,Catenovulum,0.822468389,0.297935909,0.702064091
Aureibacter,Chitinimonas,0.826620692,0.294431069,0.705568931
Aureibacter,Chloroherpeton,0.801245735,0.315241388,0.684758612
Aureibacter,Crocosphaera,0.800099708,0.31614893,0.68385107
Aureibacter,Dickeya,0.816062653,0.303263373,0.696736627
Aureibacter,Frigidibacter,0.8117375,0.306808164,0.693191836
Aureibacter,Geosporobacter,0.804968218,0.312275345,0.687724655
Aureibacter,Halostagnicola,0.82678514,0.294291403,0.705708597
Aureimonas,Australozyma,0.846494208,0.27704313,0.72295687
Aureimonas,Basilea,0.801949873,0.314682481,0.685317519
Aureimonas,Brevibacillus,0.830080785,0.291478314,0.708521686
Aureimonas,Caminibacter,0.820309748,0.299741765,0.700258235
Aureimonas,Castellaniella,0.813934802,0.305012457,0.694987543
Aureimonas,Catellatospora,0.801155207,0.315313172,0.684686828
Aureimonas,Catenovulum,0.807587348,0.310171446,0.689828554
Aureimonas,Curculioniphilus,0.824033813,0.296619442,0.703380558
Aureimonas,Dickeya,0.804484626,0.312662257,0.687337743
Aureimonas,Endoriftia,0.811830578,0.306732311,0.693267689
Aureimonas,Frigidibacter,0.820114092,0.299904908,0.700095092
Aureimonas,Frigoribacterium,0.821368329,0.29885755,0.70114245
Aureimonas,Geosporobacter,0.845065765,0.278329154,0.721670846
Aureimonas,Halostagnicola,0.814209978,0.304786829,0.695213171
Aureispira,Austwickia,0.81838957,0.301339036,0.698660964
Aureispira,Brevibacillus,0.835262903,0.286999213,0.713000787
Aureispira,Brochothrix,0.820323715,0.299730116,0.700269884
Aureispira,Caminibacter,0.8540555,0.270133763,0.729866237
Aureispira,Capsulimonas,0.815633917,0.303616603,0.696383397
Aureispira,Cardiobacterium,0.847418848,0.276207487,0.723792513
Aureispira,Cryobacterium,0.864594949,0.26019709,0.73980291
Aureispira,Curculioniphilus,0.809626431,0.308523556,0.691476444
Aureispira,Ferriphaselus,0.828695691,0.292663894,0.707336106
Aureispira,Frigidibacter,0.812986418,0.305788802,0.694211198
Aureispira,Frigoribacterium,0.831257264,0.290467499,0.709532501
Aureispira,Fusobacterium,0.828970056,0.292429431,0.707570569
Aureispira,Galbibacter,0.850111703,0.273759289,0.726240711
Aureispira,Gracilibacillus,0.826128877,0.29484837,0.70515163
Aureispira,Halanaerobium,0.818476233,0.30126713,0.69873287
Aureispira,Herbaspirillum,0.839983207,0.282857555,0.717142445
Australozyma,Basilea,0.849627978,0.274200677,0.725799323
Australozyma,Brevibacillus,0.852793747,0.271298962,0.728701038
Australozyma,Caminibacter,0.831745065,0.290047354,0.709952646
Australozyma,Catenovulum,0.810086649,0.30815041,0.69184959
Australozyma,Changchengzhania,0.809871553,0.308324867,0.691675133
Australozyma,Cryobacterium,0.814462801,0.304579381,0.695420619
Australozyma,Curculioniphilus,0.838519636,0.284148169,0.715851831
Australozyma,Desemzia,0.82075384,0.299371141,0.700628859
Australozyma,Desulfoscipio,0.833471689,0.28855529,0.71144471
Australozyma,Frigidibacter,0.828569261,0.292771873,0.707228127
Australozyma,Frigoribacterium,0.835624794,0.286683803,0.713316197
Australozyma,Halanaerobium,0.831132075,0.290575227,0.709424773
Australozyma,Haliotispira,0.83181784,0.28998462,0.71001538
Australozyma,Haloplanus,0.813916442,0.305027506,0.694972494
Australozyma,Halostagnicola,0.829560852,0.291923918,0.708076082
Australozyma,Halovivax,0.801670291,0.314904516,0.685095484
Austwickia,Basilea,0.821965584,0.298357517,0.701642483
Austwickia,Biomaibacter,0.814201303,0.304793944,0.695206056
Austwickia,Brevibacillus,0.822968346,0.297516095,0.702483905
Austwickia,Caldifermentibacillus,0.81083949,0.30753903,0.69246097
Austwickia,Caldinitratiruptor,0.815043341,0.304102499,0.695897501
Austwickia,Caminibacter,0.835883398,0.286458201,0.713541799
Austwickia,Chitinimonas,0.815441864,0.303774699,0.696225301
Austwickia,Clostridium,0.810627828,0.307711043,0.692288957
Austwickia,Cryobacterium,0.828050346,0.293214643,0.706785357
Austwickia,Desemzia,0.801503658,0.315036777,0.684963223
Austwickia,Desulfoscipio,0.812923853,0.305839948,0.694160052
Austwickia,Ferriphaselus,0.834878889,0.287333527,0.712666473
Austwickia,Flavobacterium,0.831676999,0.290106016,0.709893984
Austwickia,Frederiksenia,0.845277925,0.278138522,0.721861478
Austwickia,Frigidibacter,0.81499151,0.304145105,0.695854895
Austwickia,Fusobacterium,0.810136393,0.308110051,0.691889949
Austwickia,Galbibacter,0.806844553,0.310769567,0.689230433
Austwickia,Halalkalicoccus,0.832714728,0.289210366,0.710789634
Austwickia,Halostagnicola,0.815676177,0.303581804,0.696418196
Austwickia,Herbaspirillum,0.812196015,0.30643432,0.69356568
Azospira,Bremerella,0.808666855,0.309300133,0.690699867
Azospira,Dehalococcoides,0.852925879,0.271177175,0.728822825
Azospira,Flagellimonas,0.832855713,0.28908847,0.71091153
Azospira,Flaviflexus,0.801772266,0.314823549,0.685176451
Azospira,Haloprofundus,0.833118735,0.288860922,0.711139078
Babesia,Basilea,0.809798692,0.308383939,0.691616061
Babesia,Caulobacter,0.828804736,0.29257073,0.70742927
Babesia,Crocosphaera,0.851662388,0.272339505,0.727660495
Babesia,Duganella,0.84029414,0.282582607,0.717417393
Babesia,Eleftheria,0.835574612,0.286727561,0.713272439
Babesia,Eneladusvirus,0.820792329,0.299338997,0.700661003
Babesia,Enterococcus,0.841156768,0.281818409,0.718181591
Babesia,Epidermidibacterium,0.832569942,0.289335496,0.710664504
Babesia,Haemophilus,0.84447762,0.278856935,0.721143065
Babesia,Halostagnicola,0.82530494,0.295546155,0.704453845
Bacterioplanoides,Blastomonas,0.866673978,0.25819181,0.74180819
Bacterioplanoides,Calycomorphotria,0.836224881,0.286160025,0.713839975
Bacterioplanoides,Candidozyma,0.828384121,0.292929922,0.707070078
Bacterioplanoides,Capilliphycus,0.813337843,0.305501356,0.694498644
Bacterioplanoides,Casimicrobium,0.827268987,0.293880089,0.706119911
Bacterioplanoides,Chakrabartyella,0.83494052,0.287279898,0.712720102
Bacterioplanoides,Chamaesiphon,0.828722275,0.292641183,0.707358817
Bacterioplanoides,Chitiniphilus,0.830823247,0.29084081,0.70915919
Bacterioplanoides,Echinicola,0.816967063,0.30251689,0.69748311
Bacterioplanoides,Faecalimonas,0.818452381,0.301286922,0.698713078
Bacterioplanoides,Granulicatella,0.833296798,0.288706773,0.711293227
Bacterioplanoides,Halomicrobium,0.823994069,0.296652938,0.703347062
Bacterioplanoides,Harbinvirus,0.825119236,0.295703199,0.704296801
Basilea,Brevibacillus,0.815910539,0.303388745,0.696611255
Basilea,Caminibacter,0.813656505,0.305240475,0.694759525
Basilea,Citrifermentans,0.816382524,0.302999567,0.697000433
Basilea,Clostridium,0.833413402,0.288605785,0.711394215
Basilea,Crocosphaera,0.802096075,0.314566308,0.685433692
Basilea,Curculioniphilus,0.803799257,0.313209788,0.686790212
Basilea,Desemzia,0.830733599,0.290917859,0.709082141
Basilea,Desulfoscipio,0.882521022,0.242362309,0.757637691
Basilea,Dolosigranulum,0.813838444,0.305091426,0.694908574
Basilea,Eleftheria,0.85774306,0.266699213,0.733300787
Basilea,Eneladusvirus,0.810159566,0.308091248,0.691908752
Basilea,Enterococcus,0.823406406,0.29714777,0.70285223
Basilea,Ferriphaselus,0.84627055,0.277244883,0.722755117
Basilea,Haemophilus,0.833186288,0.288802452,0.711197548
Basilea,Halalkalicoccus,0.833963806,0.288128612,0.711871388
Basilea,Haliotispira,0.831730232,0.290060139,0.709939861
Basilea,Haloplanus,0.871003259,0.253965294,0.746034706
Basilea,Halostagnicola,0.838098529,0.284518428,0.715481572
Basilea,Halovivax,0.823734226,0.296871836,0.703128164
Biomaibacter,Caldinitratiruptor,0.819795409,0.300170444,0.699829556
Biomaibacter,Catalinimonas,0.818307612,0.301407023,0.698592977
Biomaibacter,Chitinimonas,0.831645718,0.290132972,0.709867028
Biomaibacter,Chondrinema,0.832801725,0.289135154,0.710864846
Biomaibacter,Flavobacterium,0.811283116,0.307178193,0.692821807
Biomaibacter,Halalkalicoccus,0.800667608,0.315699535,0.684300465
Biomaibacter,Halorussus,0.816319536,0.303051533,0.696948467
Blastomonas,Calycomorphotria,0.859066375,0.265455858,0.734544142
Blastomonas,Candidozyma,0.854622984,0.269608064,0.730391936
Blastomonas,Capilliphycus,0.83909484,0.28364164,0.71635836
Blastomonas,Casimicrobium,0.854525962,0.269698014,0.730301986
Blastomonas,Castellaniella,0.810256598,0.308012502,0.691987498
Blastomonas,Catellatospora,0.820804928,0.299328475,0.700671525
Blastomonas,Chakrabartyella,0.857729612,0.266711818,0.733288182
Blastomonas,Chamaesiphon,0.854413268,0.269802457,0.730197543
Blastomonas,Chitiniphilus,0.850754105,0.273172011,0.726827989
Blastomonas,Echinicola,0.842520403,0.280606127,0.719393873
Blastomonas,Faecalimonas,0.8324399,0.289447836,0.710552164
Blastomonas,Fastidiosipila,0.806925658,0.310704314,0.689295686
Blastomonas,Granulicatella,0.859307963,0.265228239,0.734771761
Blastomonas,Halomicrobium,0.819996052,0.30000329,0.69999671
Blastomonas,Harbinvirus,0.839699059,0.283108584,0.716891416
Brachybacterium,Changchengzhania,0.804619641,0.312554283,0.687445717
Brachybacterium,Haliotispira,0.80099033,0.31544387,0.68455613
Bremerella,Flaviflexus,0.803392276,0.313534467,0.686465533
Bremerella,Halolamina,0.806270159,0.311231297,0.688768703
Bremerella,Haloprofundus,0.805997915,0.311449904,0.688550096
Brettanomyces,Dysosmobacter,0.807214471,0.310471842,0.689528158
Brettanomyces,Eleftheria,0.80515804,0.312123341,0.687876659
Brettanomyces,Eneladusvirus,0.856968424,0.26742436,0.73257564
Brettanomyces,Haliotispira,0.806614423,0.310954641,0.689045359
Brevibacillus,Brochothrix,0.817037642,0.302458558,0.697541442
Brevibacillus,Caminibacter,0.88691428,0.237787426,0.762212574
Brevibacillus,Cardiobacterium,0.815952582,0.303354098,0.696645902
Brevibacillus,Catenovulum,0.820125952,0.299895021,0.700104979
Brevibacillus,Cryobacterium,0.890608606,0.233871112,0.766128888
Brevibacillus,Curculioniphilus,0.878251243,0.246727336,0.753272664
Brevibacillus,Desulfoscipio,0.80752821,0.310219108,0.689780892
Brevibacillus,Dickeya,0.812799787,0.305941345,0.694058655
Brevibacillus,Dolosigranulum,0.801594557,0.314964635,0.685035365
Brevibacillus,Ferriphaselus,0.817210574,0.302315585,0.697684415
Brevibacillus,Frigidibacter,0.873745143,0.251251724,0.748748276
Brevibacillus,Frigoribacterium,0.894562681,0.229605443,0.770394557
Brevibacillus,Fusobacterium,0.880122936,0.244823471,0.755176529
Brevibacillus,Galbibacter,0.818928229,0.300891817,0.699108183
Brevibacillus,Halanaerobium,0.882248788,0.24264296,0.75735704
Brevibacillus,Haliotispira,0.825124043,0.295699135,0.704300865
Brevibacillus,Haloplanus,0.802414766,0.314312929,0.685687071
Brevibacillus,Halostagnicola,0.816889142,0.302581277,0.697418723
Brevibacillus,Herbaspirillum,0.849409545,0.274399759,0.725600241
Brochothrix,Caminibacter,0.810552429,0.307772295,0.692227705
Brochothrix,Capsulimonas,0.844600117,0.278747092,0.721252908
Brochothrix,Cardiobacterium,0.858067764,0.266394665,0.733605335
Brochothrix,Christensenella,0.817639651,0.301960551,0.698039449
Brochothrix,Cryobacterium,0.837320734,0.285201039,0.714798961
Brochothrix,Desulfitobacterium,0.812690392,0.306030724,0.693969276
Brochothrix,Dorea,0.831929834,0.289888053,0.710111947
Brochothrix,Frigoribacterium,0.808964375,0.309059561,0.690940439
Brochothrix,Fusobacterium,0.841388465,0.281612798,0.718387202
Brochothrix,Galbibacter,0.837256563,0.285257285,0.714742715
Brochothrix,Gracilibacillus,0.852855332,0.271242206,0.728757794
Brochothrix,Halanaerobium,0.806194396,0.311292149,0.688707851
Brochothrix,Heliomicrobium,0.856728011,0.267649013,0.732350987
Brochothrix,Herbaspirillum,0.82890532,0.292484769,0.707515231
Caldifermentibacillus,Caldinitratiruptor,0.803695122,0.313292896,0.686707104
Caldifermentibacillus,Catalinimonas,0.80329386,0.31361293,0.68638707
Caldifermentibacillus,Chitinimonas,0.814363367,0.304660986,0.695339014
Caldifermentibacillus,Flavobacterium,0.81139491,0.307087195,0.692912805
Caldifermentibacillus,Frederiksenia,0.829122981,0.292298665,0.707701335
Caldifermentibacillus,Fretibacter,0.84267231,0.280470756,0.719529244
Caldifermentibacillus,Halalkalicoccus,0.807471414,0.310264876,0.689735124
Caldifermentibacillus,Halorussus,0.838246872,0.284388052,0.715611948
Caldinitratiruptor,Catalinimonas,0.852380872,0.271679156,0.728320844
Caldinitratiruptor,Chitinimonas,0.849906664,0.273946469,0.726053531
Caldinitratiruptor,Clostridium,0.840699302,0.282223934,0.717776066
Caldinitratiruptor,Crocosphaera,0.820212336,0.299823001,0.700176999
Caldinitratiruptor,Deinococcus,0.800741916,0.315640685,0.684359315
Caldinitratiruptor,Flavobacterium,0.812423465,0.306248702,0.693751298
Caldinitratiruptor,Frederiksenia,0.836644742,0.285792983,0.714207017
Caldinitratiruptor,Fretibacter,0.807321063,0.310385999,0.689614001
Caldinitratiruptor,Halorussus,0.82625832,0.294738596,0.705261404
Caldinitratiruptor,Halostagnicola,0.834022543,0.288077643,0.711922357
Caldinitratiruptor,Hamiltonella,0.828428252,0.292892256,0.707107744
Calothrix,Gloeobacter,0.859400609,0.265140898,0.734859102
Calycomorphotria,Candidozyma,0.828004606,0.29325364,0.70674636
Calycomorphotria,Casimicrobium,0.85980415,0.264760127,0.735239873
Calycomorphotria,Castellaniella,0.806239166,0.311256192,0.688743808
Calycomorphotria,Catellatospora,0.816869203,0.302597751,0.697402249
Calycomorphotria,Cellulomonas,0.809268131,0.308813754,0.691186246
Calycomorphotria,Chakrabartyella,0.858768993,0.265735777,0.734264223
Calycomorphotria,Chamaesiphon,0.866953294,0.257921215,0.742078785
Calycomorphotria,Chitiniphilus,0.855888469,0.26843205,0.73156795
Calycomorphotria,Echinicola,0.829944017,0.291595596,0.708404404
Calycomorphotria,Faecalimonas,0.839758343,0.283056228,0.716943772
Calycomorphotria,Fastidiosipila,0.842867318,0.28029688,0.71970312
Calycomorphotria,Granulicatella,0.865275409,0.259542473,0.740457527
Calycomorphotria,Halomicrobium,0.819207119,0.300660008,0.699339992
Calycomorphotria,Harbinvirus,0.819213905,0.300654365,0.699345635
Caminibacter,Cardiobacterium,0.823209992,0.297312974,0.702687026
Caminibacter,Catenovulum,0.808392327,0.309521948,0.690478052
Caminibacter,Cryobacterium,0.900317199,0.223251877,0.776748123
Caminibacter,Curculioniphilus,0.883206466,0.24165423,0.75834577
Caminibacter,Desulfoscipio,0.802124051,0.314544074,0.685455926
Caminibacter,Dickeya,0.803019878,0.313831262,0.686168738
Caminibacter,Dolosigranulum,0.817664724,0.301939792,0.698060208
Caminibacter,Electrothrix,0.818496122,0.301250625,0.698749375
Caminibacter,Ferriphaselus,0.822006922,0.298322877,0.701677123
Caminibacter,Frigidibacter,0.881734331,0.243172438,0.756827562
Caminibacter,Frigoribacterium,0.882479284,0.242405359,0.757594641
Caminibacter,Fusobacterium,0.864803229,0.259996895,0.740003105
Caminibacter,Galbibacter,0.824169527,0.296505036,0.703494964
Caminibacter,Halanaerobium,0.875964135,0.249033999,0.750966001
Caminibacter,Haliotispira,0.826605643,0.294443846,0.705556154
Caminibacter,Haloplanus,0.815889491,0.303406089,0.696593911
Caminibacter,Herbaspirillum,0.854483655,0.269737228,0.730262772
Candidozyma,Casimicrobium,0.835115062,0.287127966,0.712872034
Candidozyma,Castellaniella,0.823369637,0.297178703,0.702821297
Candidozyma,Catellatospora,0.828935619,0.29245887,0.70754113
Candidozyma,Chakrabartyella,0.846694368,0.27686245,0.72313755
Candidozyma,Chamaesiphon,0.834655021,0.287528241,0.712471759
Candidozyma,Chitiniphilus,0.831475854,0.290279302,0.709720698
Candidozyma,Chitinolyticbacter,0.810004078,0.308217393,0.691782607
Candidozyma,Dickeya,0.817887837,0.301755003,0.698244997
Candidozyma,Echinicola,0.843403397,0.279818336,0.720181664
Candidozyma,Faecalimonas,0.834005254,0.288092647,0.711907353
Candidozyma,Granulicatella,0.809046937,0.308992769,0.691007231
Candidozyma,Halomicrobium,0.815688131,0.303571959,0.696428041
Candidozyma,Harbinvirus,0.834165924,0.287953187,0.712046813
Capilliphycus,Granulicatella,0.806852576,0.310763113,0.689236887
Capsulimonas,Cardiobacterium,0.824828962,0.295948507,0.704051493
Capsulimonas,Christensenella,0.827117097,0.294009271,0.705990729
Capsulimonas,Chromohalobacter,0.840842438,0.282097113,0.717902887
Capsulimonas,Cryobacterium,0.810470559,0.30783879,0.69216121
Capsulimonas,Desulfitobacterium,0.829164046,0.29226354,0.70773646
Capsulimonas,Evansella,0.837586829,0.284967692,0.715032308
Capsulimonas,Ferrimonas,0.848098566,0.275591576,0.724408424
Capsulimonas,Fusobacterium,0.830665388,0.29097647,0.70902353
Capsulimonas,Galbibacter,0.870929875,0.254037522,0.745962478
Capsulimonas,Gracilibacillus,0.894898805,0.229239171,0.770760829
Capsulimonas,Haloterrigena,0.842883384,0.280282551,0.719717449
Capsulimonas,Heliomicrobium,0.860703403,0.26390964,0.73609036
Capsulimonas,Herbaspirillum,0.837293785,0.285224662,0.714775338
Cardiobacterium,Cryobacterium,0.846258869,0.277255415,0.722744585
Cardiobacterium,Desulfitobacterium,0.812798177,0.305942661,0.694057339
Cardiobacterium,Frigoribacterium,0.810625675,0.307712792,0.692287208
Cardiobacterium,Fusobacterium,0.852927024,0.27117612,0.72882388
Cardiobacterium,Galbibacter,0.82131957,0.298898336,0.701101664
Cardiobacterium,Gracilibacillus,0.857091775,0.267309021,0.732690979
Cardiobacterium,Halanaerobium,0.815539667,0.303694199,0.696305801
Cardiobacterium,Heliomicrobium,0.829341792,0.292111459,0.707888541
Cardiobacterium,Herbaspirillum,0.849886433,0.273964931,0.726035069
Carsonella,Catellatospora,0.800526169,0.315811519,0.684188481
Casimicrobium,Castellaniella,0.838781265,0.283917889,0.716082111
Casimicrobium,Catellatospora,0.860106166,0.264474795,0.735525205
Casimicrobium,Catenovulum,0.824439483,0.296277334,0.703722666
Casimicrobium,Cellulomonas,0.844164164,0.279137812,0.720862188
Casimicrobium,Chakrabartyella,0.875832853,0.249165755,0.750834245
Casimicrobium,Chamaesiphon,0.880949781,0.243977682,0.756022318
Casimicrobium,Chitiniphilus,0.870534724,0.254426095,0.745573905
Casimicrobium,Chitinolyticbacter,0.841241381,0.281743339,0.718256661
Casimicrobium,Diaphorobacter,0.824948449,0.295847555,0.704152445
Casimicrobium,Dickeya,0.856644986,0.267726552,0.732273448
Casimicrobium,Echinicola,0.86237609,0.262320329,0.737679671
Casimicrobium,Endoriftia,0.811341588,0.307130601,0.692869399
Casimicrobium,Faecalimonas,0.847107135,0.27648948,0.72351052
Casimicrobium,Fastidiosipila,0.833101344,0.288875973,0.711124027
Casimicrobium,Granulicatella,0.855093039,0.269171842,0.730828158
Casimicrobium,Gulosibacter,0.815928261,0.303374141,0.696625859
Casimicrobium,Halomicrobium,0.845384782,0.278042459,0.721957541
Casimicrobium,Harbinvirus,0.849895451,0.273956702,0.726043298
Castellaniella,Catellatospora,0.87303865,0.251953716,0.748046284
Castellaniella,Catenovulum,0.821871402,0.298436423,0.701563577
Castellaniella,Cellulomonas,0.80337325,0.313549637,0.686450363
Castellaniella,Chakrabartyella,0.861021466,0.263608169,0.736391831
Castellaniella,Chamaesiphon,0.829343894,0.292109659,0.707890341
Castellaniella,Chitiniphilus,0.853874927,0.270300826,0.729699174
Castellaniella,Dickeya,0.839578884,0.283214686,0.716785314
Castellaniella,Dyothetapapillomavirus,0.821008702,0.299158234,0.700841766
Castellaniella,Echinicola,0.856665188,0.267707688,0.732292312
Castellaniella,Endoriftia,0.81988377,0.300096843,0.699903157
Castellaniella,Faecalimonas,0.812962017,0.305808749,0.694191251
Castellaniella,Halomicrobium,0.816473094,0.302924831,0.697075169
Castellaniella,Harbinvirus,0.83969158,0.283115188,0.716884812
Catalinimonas,Chazhemtobacterium,0.819381529,0.300514951,0.699485049
Catalinimonas,Chitinimonas,0.857646759,0.266789468,0.733210532
Catalinimonas,Chromobacterium,0.801714765,0.314869207,0.685130793
Catalinimonas,Clostridium,0.842023275,0.281048684,0.718951316
Catalinimonas,Deinococcus,0.840719503,0.282206039,0.717793961
Catalinimonas,Flavobacterium,0.821340039,0.298881214,0.701118786
Catalinimonas,Frederiksenia,0.844924628,0.278455896,0.721544104
Catalinimonas,Fretibacter,0.831566806,0.290200959,0.709799041
Catalinimonas,Glaesserella,0.821352922,0.298870438,0.701129562
Catalinimonas,Halorussus,0.846442826,0.277089493,0.722910507
Catalinimonas,Hamiltonella,0.833023276,0.288943527,0.711056473
Catellatospora,Catenovulum,0.850048899,0.273816637,0.726183363
Catellatospora,Cellulomonas,0.822925571,0.297552036,0.702447964
Catellatospora,Chakrabartyella,0.873472387,0.251522974,0.748477026
Catellatospora,Chamaesiphon,0.850585978,0.273325833,0.726674167
Catellatospora,Chitiniphilus,0.866008581,0.258835294,0.741164706
Catellatospora,Chitinolyticbacter,0.822624934,0.297804521,0.702195479
Catellatospora,Curculioniphilus,0.803949171,0.313090106,0.686909894
Catellatospora,Dickeya,0.87084468,0.254121349,0.745878651
Catellatospora,Echinicola,0.869153097,0.255780084,0.744219916
Catellatospora,Endoriftia,0.842451509,0.2806675,0.7193325
Catellatospora,Faecalimonas,0.835375695,0.286900946,0.713099054
Catellatospora,Fastidiosipila,0.806629087,0.310942851,0.689057149
Catellatospora,Frigoribacterium,0.800382181,0.315925481,0.684074519
Catellatospora,Granulicatella,0.816162318,0.303181201,0.696818799
Catellatospora,Gulosibacter,0.801913112,0.314711684,0.685288316
Catellatospora,Halanaerobium,0.812880885,0.305875069,0.694124931
Catellatospora,Halomicrobium,0.836736937,0.285712323,0.714287677
Catellatospora,Harbinvirus,0.858084568,0.266378895,0.733621105
Catenovulum,Cellulomonas,0.822632237,0.29779839,0.70220161
Catenovulum,Chakrabartyella,0.820367509,0.299693586,0.700306414
Catenovulum,Chamaesiphon,0.824208414,0.296472246,0.703527754
Catenovulum,Chitiniphilus,0.821788207,0.298506108,0.701493892
Catenovulum,Chitinolyticbacter,0.847811592,0.275851779,0.724148221
Catenovulum,Curculioniphilus,0.833044677,0.28892501,0.71107499
Catenovulum,Dickeya,0.869382173,0.255556086,0.744443914
Catenovulum,Echinicola,0.826024138,0.294937164,0.705062836
Catenovulum,Endoriftia,0.84487313,0.278502128,0.721497872
Catenovulum,Faecalimonas,0.810674176,0.307673386,0.692326614
Catenovulum,Frigidibacter,0.823905511,0.296727559,0.703272441
Catenovulum,Frigoribacterium,0.814614819,0.304454579,0.695545421
Catenovulum,Halanaerobium,0.821349239,0.298873519,0.701126481
Catenovulum,Halostagnicola,0.807967884,0.30986458,0.69013542
Caulobacter,Duganella,0.828211099,0.29307755,0.70692245
Caulobacter,Epidermidibacterium,0.856870864,0.267515547,0.732484453
Caulobacter,Haemophilus,0.806613349,0.310955504,0.689044496
Cellulomonas,Chakrabartyella,0.826920578,0.294176327,0.705823673
Cellulomonas,Chamaesiphon,0.846070329,0.277425369,0.722574631
Cellulomonas,Chitiniphilus,0.815943793,0.303361341,0.696638659
Cellulomonas,Chitinolyticbacter,0.839643954,0.283157241,0.716842759
Cellulomonas,Dickeya,0.834505389,0.287658314,0.712341686
Cellulomonas,Echinicola,0.844314796,0.279002871,0.720997129
Cellulomonas,Faecalimonas,0.823099121,0.297406186,0.702593814
Cellulomonas,Granulicatella,0.801296232,0.315201339,0.684798661
Cellulomonas,Halomicrobium,0.807352531,0.310360653,0.689639347
Cellulomonas,Harbinvirus,0.801248074,0.315239533,0.684760467
Chakrabartyella,Chamaesiphon,0.871347482,0.253626219,0.746373781
Chakrabartyella,Chitiniphilus,0.876074017,0.248923666,0.751076334
Chakrabartyella,Chitinolyticbacter,0.81915331,0.300704748,0.699295252
Chakrabartyella,Diaphorobacter,0.801426145,0.315098282,0.684901718
Chakrabartyella,Dickeya,0.852143,0.271897959,0.728102041
Chakrabartyella,Echinicola,0.86801479,0.256890259,0.743109741
Chakrabartyella,Endoriftia,0.814693141,0.304390258,0.695609742
Chakrabartyella,Faecalimonas,0.85198067,0.272047174,0.727952826
Chakrabartyella,Fastidiosipila,0.832987131,0.288974799,0.711025201
Chakrabartyella,Granulicatella,0.853844132,0.270329307,0.729670693
Chakrabartyella,Gulosibacter,0.81555521,0.303681404,0.696318596
Chakrabartyella,Halomicrobium,0.843634202,0.279612051,0.720387949
Chakrabartyella,Harbinvirus,0.860044538,0.264533044,0.735466956
Chamaesiphon,Chitiniphilus,0.870267072,0.254688955,0.745311045
Chamaesiphon,Chitinolyticbacter,0.838866475,0.283842848,0.716157152
Chamaesiphon,Diaphorobacter,0.812010678,0.306585487,0.693414513
Chamaesiphon,Dickeya,0.845059464,0.278334812,0.721665188
Chamaesiphon,Echinicola,0.85508146,0.269182596,0.730817404
Chamaesiphon,Faecalimonas,0.858562812,0.265929678,0.734070322
Chamaesiphon,Fastidiosipila,0.842381567,0.280729793,0.719270207
Chamaesiphon,Granulicatella,0.860198953,0.264387071,0.735612929
Chamaesiphon,Gulosibacter,0.80029321,0.315995878,0.684004122
Chamaesiphon,Halomicrobium,0.83749049,0.285052197,0.714947803
Chamaesiphon,Harbinvirus,0.836204617,0.286177727,0.713822273
Changchengzhania,Chitinibacter,0.810775929,0.307590695,0.692409305
Changchengzhania,Dysosmobacter,0.823675344,0.296921417,0.703078583
Changchengzhania,Eneladusvirus,0.801416851,0.315105656,0.684894344
Changchengzhania,Haliotispira,0.80478639,0.312420878,0.687579122
Changchengzhania,Halovivax,0.808435848,0.309486795,0.690513205
Chazhemtobacterium,Chitinimonas,0.833145735,0.288837554,0.711162446
Chazhemtobacterium,Clostridium,0.816728638,0.30271386,0.69728614
Chazhemtobacterium,Halorussus,0.81901509,0.300819639,0.699180361
Chazhemtobacterium,Hamiltonella,0.810009715,0.30821282,0.69178718
Chitinibacter,Dysosmobacter,0.883438408,0.241414159,0.758585841
Chitinibacter,Eneladusvirus,0.800205808,0.316065019,0.683934981
Chitinimonas,Clostridium,0.85348934,0.270657219,0.729342781
Chitinimonas,Deinococcus,0.834315709,0.287823115,0.712176885
Chitinimonas,Flavobacterium,0.84789909,0.275772469,0.724227531
Chitinimonas,Frederiksenia,0.848081334,0.275607208,0.724392792
Chitinimonas,Fretibacter,0.805623935,0.311749952,0.688250048
Chitinimonas,Halalkalicoccus,0.822802748,0.297655213,0.702344787
Chitinimonas,Halorussus,0.833333636,0.288674872,0.711325128
Chitinimonas,Halostagnicola,0.817972705,0.301684682,0.698315318
Chitinimonas,Hamiltonella,0.809443162,0.308672025,0.691327975
Chitiniphilus,Chitinolyticbacter,0.821759511,0.29853014,0.70146986
Chitiniphilus,Dickeya,0.844273526,0.279039848,0.720960152
Chitiniphilus,Dyothetapapillomavirus,0.804527017,0.31262836,0.68737164
Chitiniphilus,Echinicola,0.862159969,0.262526218,0.737473782
Chitiniphilus,Endoriftia,0.803662607,0.313318842,0.686681158
Chitiniphilus,Faecalimonas,0.852769401,0.271321395,0.728678605
Chitiniphilus,Fastidiosipila,0.824401174,0.296309658,0.703690342
Chitiniphilus,Granulicatella,0.856594321,0.267773858,0.732226142
Chitiniphilus,Gulosibacter,0.819452128,0.300456213,0.699543787
Chitiniphilus,Halomicrobium,0.840370134,0.282515368,0.717484632
Chitiniphilus,Harbinvirus,0.843799358,0.279464347,0.720535653
Chitinolyticbacter,Dickeya,0.860692154,0.263920297,0.736079703
Chitinolyticbacter,Echinicola,0.836734628,0.285714343,0.714285657
Chitinolyticbacter,Endoriftia,0.820138705,0.29988439,0.70011561
Chitinolyticbacter,Faecalimonas,0.806193169,0.311293135,0.688706865
Chitinolyticbacter,Halomicrobium,0.8209101,0.299240622,0.700759378
Chitinolyticbacter,Harbinvirus,0.805496005,0.311852525,0.688147475
Chloroherpeton,Clostridium,0.833119629,0.288860148,0.711139852
Chloroherpeton,Crocosphaera,0.813592959,0.305292517,0.694707483
Chloroherpeton,Cutaneotrichosporon,0.842189231,0.280901023,0.719098977
Chloroherpeton,Cylindrospermum,0.833716622,0.288343005,0.711656995
Chloroherpeton,Desulfoscipio,0.822945715,0.297535111,0.702464889
Chloroherpeton,Hamiltonella,0.843878193,0.279393814,0.720606186
Chondrinema,Fretibacter,0.801790782,0.314808845,0.685191155
Chondrinema,Halalkalicoccus,0.821137638,0.299050466,0.700949534
Christensenella,Gracilibacillus,0.804251781,0.312848381,0.687151619
Christensenella,Heliomicrobium,0.813980611,0.304974908,0.695025092
Chromobacterium,Fretibacter,0.830011303,0.291537903,0.708462097
Chromobacterium,Glaesserella,0.869614057,0.255329144,0.744670856
Chromohalobacter,Desulfitobacterium,0.83382992,0.288244757,0.711755243
Chromohalobacter,Evansella,0.89424715,0.229948744,0.770051256
Chromohalobacter,Ferrimonas,0.889128732,0.235447731,0.764552269
Chromohalobacter,Galbibacter,0.836487859,0.285930185,0.714069815
Chromohalobacter,Gracilibacillus,0.839868996,0.282958481,0.717041519
Chromohalobacter,Haloterrigena,0.860717495,0.263896291,0.736103709
Chromohalobacter,Heliomicrobium,0.811213955,0.307234474,0.692765526
Citricoccus,Citrifermentans,0.811468854,0.307026991,0.692973009
Citricoccus,Dolichospermum,0.849816402,0.274028829,0.725971171
Citrifermentans,Clostridium,0.830288144,0.291300408,0.708699592
Citrifermentans,Dolichospermum,0.804607155,0.312564269,0.687435731
Citrifermentans,Eleftheria,0.81280605,0.305936227,0.694063773
Citrifermentans,Eneladusvirus,0.801084607,0.315369144,0.684630856
Citrifermentans,Halovivax,0.809046147,0.308993408,0.691006592
Clavibacter,Cutaneotrichosporon,0.804212428,0.312879827,0.687120173
Clavibacter,Hamiltonella,0.817559843,0.302026619,0.697973381
Clostridioides,Ekhidna,0.856817522,0.267565392,0.732434608
Clostridioides,Halocatena,0.803192114,0.313694027,0.686305973
Clostridium,Crocosphaera,0.804094623,0.312973943,0.687026057
Clostridium,Deinococcus,0.84482921,0.27854155,0.72145845
Clostridium,Desemzia,0.810405402,0.3078917,0.6921083
Clostridium,Desulfoscipio,0.842754309,0.280397656,0.719602344
Clostridium,Flavobacterium,0.80950744,0.30861996,0.69138004
Clostridium,Frederiksenia,0.821577257,0.298682727,0.701317273
Clostridium,Glaesserella,0.80231765,0.314390163,0.685609837
Clostridium,Halalkalicoccus,0.820439863,0.299633223,0.700366777
Clostridium,Halorussus,0.826564138,0.294479084,0.705520916
Clostridium,Halostagnicola,0.815766007,0.303507819,0.696492181
Clostridium,Hamiltonella,0.821118768,0.29906624,0.70093376
Croceimicrobium,Haloterrigena,0.819718405,0.300234571,0.699765429
Crocosphaera,Desulfoscipio,0.831164217,0.290547572,0.709452428
Crocosphaera,Duganella,0.826321772,0.29468477,0.70531523
Crocosphaera,Eleftheria,0.818811687,0.300988632,0.699011368
Crocosphaera,Enterococcus,0.819478118,0.300434587,0.699565413
Crocosphaera,Haemophilus,0.828523564,0.292810891,0.707189109
Crocosphaera,Halostagnicola,0.816998211,0.302491148,0.697508852
Crocosphaera,Hamiltonella,0.820192588,0.299839467,0.700160533
Cryobacterium,Curculioniphilus,0.874366542,0.250632657,0.749367343
Cryobacterium,Ferriphaselus,0.815008433,0.304131194,0.695868806
Cryobacterium,Frigidibacter,0.881542738,0.243369331,0.756630669
Cryobacterium,Frigoribacterium,0.888614509,0.235993104,0.764006896
Cryobacterium,Fusobacterium,0.888203691,0.236427905,0.763572095
Cryobacterium,Galbibacter,0.842687468,0.280457245,0.719542755
Cryobacterium,Gracilibacillus,0.825271367,0.295574553,0.704425447
Cryobacterium,Halanaerobium,0.877198445,0.247791802,0.752208198
Cryobacterium,Haliotispira,0.825454798,0.295419364,0.704580636
Cryobacterium,Herbaspirillum,0.874548019,0.250451573,0.749548427
Curculioniphilus,Desulfoscipio,0.801608872,0.314953273,0.685046727
Curculioniphilus,Dickeya,0.811550479,0.30696052,0.69303948
Curculioniphilus,Duganella,0.800023044,0.316209547,0.683790453
Curculioniphilus,Frigidibacter,0.886125785,0.238614977,0.761385023
Curculioniphilus,Frigoribacterium,0.872347785,0.252638294,0.747361706
Curculioniphilus,Fusobacterium,0.843627194,0.279618317,0.720381683
Curculioniphilus,Halanaerobium,0.873428684,0.251566409,0.748433591
Curculioniphilus,Haliotispira,0.805477606,0.311867275,0.688132725
Curculioniphilus,Haloplanus,0.806143266,0.311333209,0.688666791
Curculioniphilus,Herbaspirillum,0.824636623,0.296110939,0.703889061
Cutaneotrichosporon,Cylindrospermum,0.861161472,0.263475357,0.736524643
Cutaneotrichosporon,Hamiltonella,0.814176697,0.304814126,0.695185874
Cylindrospermum,Desemzia,0.810536556,0.307785188,0.692214812
Cylindrospermum,Hamiltonella,0.805744087,0.311653584,0.688346416
Dehalococcoides,Flagellimonas,0.84487582,0.278499713,0.721500287
Dehalococcoides,Flaviflexus,0.81127839,0.307182039,0.692817961
Dehalococcoides,Haloprofundus,0.829143253,0.292281326,0.707718674
Deinococcus,Flavobacterium,0.810969883,0.307433015,0.692566985
Deinococcus,Frederiksenia,0.813965369,0.304987402,0.695012598
Deinococcus,Halalkalicoccus,0.811373765,0.307104409,0.692895591
Delftia,Egbenema,0.801003839,0.315433164,0.684566836
Delftia,Georgenia,0.802839496,0.313974922,0.686025078
Delftia,Halolamina,0.80801626,0.309825548,0.690174452
Desemzia,Desulfoscipio,0.85184307,0.272173594,0.727826406
Desemzia,Halalkalicoccus,0.80453972,0.312618202,0.687381798
Desemzia,Haliotispira,0.805621471,0.311751928,0.688248072
Desemzia,Haloplanus,0.801286761,0.315208851,0.684791149
Desemzia,Halorussus,0.802552487,0.314203368,0.685796632
Desemzia,Hamiltonella,0.821689016,0.29858917,0.70141083
Desulfitobacterium,Evansella,0.833909497,0.28817573,0.71182427
Desulfitobacterium,Ferrimonas,0.816829014,0.302630952,0.697369048
Desulfitobacterium,Fusobacterium,0.83109857,0.290604052,0.709395948
Desulfitobacterium,Galbibacter,0.809968634,0.30824614,0.69175386
Desulfitobacterium,Gracilibacillus,0.825191625,0.295641992,0.704358008
Desulfitobacterium,Haloterrigena,0.802622025,0.314148034,0.685851966
Desulfomonile,Desulfotalea,0.842238813,0.280856891,0.719143109
Desulfoscipio,Eleftheria,0.840540646,0.28236444,0.71763556
Desulfoscipio,Enterococcus,0.81924001,0.300632658,0.699367342
Desulfoscipio,Ferriphaselus,0.839991889,0.282849882,0.717150118
Desulfoscipio,Flavisolibacter,0.801422,0.315101571,0.684898429
Desulfoscipio,Haemophilus,0.834150237,0.287966806,0.712033194
Desulfoscipio,Halalkalicoccus,0.842865651,0.280298367,0.719701633
Desulfoscipio,Haliotispira,0.829360897,0.292095107,0.707904893
Desulfoscipio,Haloplanus,0.86889515,0.256032078,0.743967922
Desulfoscipio,Halorussus,0.803676303,0.313307914,0.686692086
Desulfoscipio,Halostagnicola,0.825248121,0.295594214,0.704405786
Desulfoscipio,Halovivax,0.80372184,0.313271575,0.686728425
Desulfoscipio,Hamiltonella,0.820402362,0.299664511,0.700335489
Dichelobacter,Faecalimonas,0.81914077,0.300715172,0.699284828
Dichelobacter,Fastidiosipila,0.820010236,0.29999147,0.70000853
Dickeya,Echinicola,0.863933967,0.260831395,0.739168605
Dickeya,Endoriftia,0.857070732,0.2673287,0.7326713
Dickeya,Faecalimonas,0.825863313,0.295073454,0.704926546
Dickeya,Frigidibacter,0.815853678,0.303435596,0.696564404
Dickeya,Frigoribacterium,0.823235064,0.29729189,0.70270811
Dickeya,Halanaerobium,0.815326228,0.30386985,0.69613015
Dickeya,Halomicrobium,0.839847974,0.282977054,0.717022946
Dickeya,Harbinvirus,0.849863818,0.273985567,0.726014433
Dolosigranulum,Electrothrix,0.850353455,0.273538429,0.726461571
Dolosigranulum,Ferriphaselus,0.803955523,0.313085034,0.686914966
Dolosigranulum,Frigidibacter,0.805639179,0.311737727,0.688262273
Dorea,Galbibacter,0.804546156,0.312613055,0.687386945
Dorea,Gracilibacillus,0.807431129,0.310297334,0.689702666
Duganella,Epidermidibacterium,0.863664912,0.26108915,0.73891085
Duganella,Haemophilus,0.837952047,0.284647109,0.715352891
Duganella,Haloplanus,0.802638272,0.314135105,0.685864895
Dysosmobacter,Eneladusvirus,0.818357263,0.301365839,0.698634161
Echinicola,Endoriftia,0.842754368,0.280397604,0.719602396
Echinicola,Faecalimonas,0.838781732,0.283917477,0.716082523
Echinicola,Fastidiosipila,0.800700041,0.31567385,0.68432615
Echinicola,Granulicatella,0.823739452,0.296867435,0.703132565
Echinicola,Gulosibacter,0.812291361,0.306356523,0.693643477
Echinicola,Halomicrobium,0.85471768,0.26952024,0.73047976
Echinicola,Harbinvirus,0.866161554,0.258687501,0.741312499
Electrothrix,Frigidibacter,0.800491622,0.315838866,0.684161134
Electrothrix,Halocatena,0.802644119,0.314130451,0.685869549
Eleftheria,Eneladusvirus,0.836955903,0.285520663,0.714479337
Eleftheria,Enterococcus,0.824789709,0.295981664,0.704018336
Eleftheria,Epidermidibacterium,0.804961254,0.31228092,0.68771908
Eleftheria,Haemophilus,0.858381438,0.266100133,0.733899867
Eleftheria,Haloplanus,0.847187232,0.276417047,0.723582953
Eleftheria,Halostagnicola,0.82393221,0.296705064,0.703294936
Eleftheria,Halovivax,0.82641197,0.29460824,0.70539176
Endoriftia,Frigoribacterium,0.804308089,0.312803382,0.687196618
Endoriftia,Halomicrobium,0.804700567,0.312489547,0.687510453
Endoriftia,Harbinvirus,0.820067553,0.299943701,0.700056299
Eneladusvirus,Haemophilus,0.80478786,0.312419702,0.687580298
Eneladusvirus,Halovivax,0.848213813,0.275487012,0.724512988
Enterococcus,Haemophilus,0.808897881,0.309113344,0.690886656
Enterococcus,Haloplanus,0.800794072,0.315599373,0.684400627
Enterococcus,Halostagnicola,0.807559225,0.310194113,0.689805887
Epidermidibacterium,Haemophilus,0.83489554,0.287319039,0.712680961
Evansella,Ferrimonas,0.884594062,0.240214423,0.759785577
Evansella,Galbibacter,0.831215551,0.290503399,0.709496601
Evansella,Gracilibacillus,0.837166928,0.28533583,0.71466417
Evansella,Haloterrigena,0.851317116,0.272656271,0.727343729
Evansella,Heliomicrobium,0.801005676,0.315431707,0.684568293
Faecalimonas,Fastidiosipila,0.818735457,0.301051941,0.698948059
Faecalimonas,Granulicatella,0.827721118,0.293495215,0.706504785
Faecalimonas,Halomicrobium,0.831581564,0.290188246,0.709811754
Faecalimonas,Harbinvirus,0.816426954,0.302962907,0.697037093
Fastidiosipila,Granulicatella,0.824432184,0.296283492,0.703716508
Faustvirus,Halocatena,0.865664883,0.259167047,0.740832953
Faustvirus,Halocella,0.848359427,0.275354838,0.724645162
Ferrimonas,Galbibacter,0.839131221,0.283609572,0.716390428
Ferrimonas,Gracilibacillus,0.853988301,0.270195947,0.729804053
Ferrimonas,Haloterrigena,0.864756675,0.260041655,0.739958345
Ferrimonas,Heliomicrobium,0.821234284,0.29896966,0.70103034
Ferriphaselus,Galbibacter,0.855345013,0.268937713,0.731062287
Ferriphaselus,Halalkalicoccus,0.807876653,0.309938177,0.690061823
Ferriphaselus,Haliotispira,0.864581443,0.260210066,0.739789934
Ferriphaselus,Haloplanus,0.861912787,0.262761501,0.737238499
Flagellimonas,Flaviflexus,0.811008712,0.307401438,0.692598562
Flagellimonas,Haloprofundus,0.829234143,0.292203574,0.707796426
Flaviflexus,Georgenia,0.83028056,0.291306917,0.708693083
Flaviflexus,Halolamina,0.817212685,0.302313839,0.697686161
Flaviflexus,Haloprofundus,0.830771321,0.29088544,0.70911456
Flavisolibacter,Halalkalicoccus,0.837992114,0.284611917,0.715388083
Flavobacterium,Frederiksenia,0.857947673,0.266507343,0.733492657
Flavobacterium,Gallibacterium,0.803349422,0.313568635,0.686431365
Flavobacterium,Halalkalicoccus,0.824072673,0.296586688,0.703413312
Flavobacterium,Halorussus,0.812387955,0.306277689,0.693722311
Frederiksenia,Fretibacter,0.811307363,0.307158458,0.692841542
Frederiksenia,Halorussus,0.810277019,0.307995926,0.692004074
Fretibacter,Glaesserella,0.833747112,0.288316569,0.711683431
Fretibacter,Halorussus,0.825589682,0.295305196,0.704694804
Fretibacter,Hamiltonella,0.819247338,0.300626564,0.699373436
Frigidibacter,Frigoribacterium,0.867307161,0.257577988,0.742422012
Frigidibacter,Fusobacterium,0.863676769,0.261077796,0.738922204
Frigidibacter,Galbibacter,0.803823642,0.313190324,0.686809676
Frigidibacter,Halanaerobium,0.858911547,0.265601632,0.734398368
Frigidibacter,Haliotispira,0.804439288,0.312698507,0.687301493
Frigidibacter,Halostagnicola,0.80697564,0.310664095,0.689335905
Frigidibacter,Herbaspirillum,0.8360806,0.286286046,0.713713954
Frigoribacterium,Fusobacterium,0.872344801,0.252641247,0.747358753
Frigoribacterium,Galbibacter,0.800793626,0.315599726,0.684400274
Frigoribacterium,Halanaerobium,0.874429856,0.250569496,0.749430504
Frigoribacterium,Haliotispira,0.804326995,0.312788271,0.687211729
Frigoribacterium,Herbaspirillum,0.832426401,0.289459495,0.710540505
Fusobacterium,Galbibacter,0.849796531,0.274046956,0.725953044
Fusobacterium,Gracilibacillus,0.847025613,0.276563182,0.723436818
Fusobacterium,Halanaerobium,0.866735235,0.25813249,0.74186751
Fusobacterium,Haliotispira,0.800950105,0.315475748,0.684524252
Fusobacterium,Herbaspirillum,0.863201409,0.261532589,0.738467411
Galbibacter,Gracilibacillus,0.87003041,0.254921155,0.745078845
Galbibacter,Haliotispira,0.814077617,0.304895378,0.695104622
Galbibacter,Heliomicrobium,0.82709714,0.29402624,0.70597376
Galbibacter,Herbaspirillum,0.845122649,0.278278054,0.721721946
Georgenia,Halolamina,0.827806084,0.293422831,0.706577169
Glaesserella,Hamiltonella,0.829497198,0.291978425,0.708021575
Gracilibacillus,Haloterrigena,0.834153277,0.287964167,0.712035833
Gracilibacillus,Heliomicrobium,0.858674391,0.265824763,0.734175237
Gracilibacillus,Herbaspirillum,0.851551234,0.272441522,0.727558478
Granulicatella,Gulosibacter,0.80084346,0.315560248,0.684439752
Granulicatella,Halomicrobium,0.805316237,0.311996605,0.688003395
Granulicatella,Harbinvirus,0.814658184,0.304418968,0.695581032
Gulosibacter,Harbinvirus,0.803793802,0.313214142,0.686785858
Haemophilus,Haloplanus,0.83805634,0.284555496,0.715444504
Halalkalicoccus,Halorussus,0.816788577,0.302664354,0.697335646
Halalkalicoccus,Halostagnicola,0.803817468,0.313195252,0.686804748
Halanaerobium,Haliotispira,0.811713055,0.306828083,0.693171917
Halanaerobium,Herbaspirillum,0.83589002,0.286452422,0.713547578
Haliotispira,Haloplanus,0.853550935,0.270600319,0.729399681
Halomicrobium,Harbinvirus,0.854224631,0.269977193,0.730022807
Haloplanus,Halovivax,0.805243557,0.312054837,0.687945163
Halorussus,Hamiltonella,0.862200999,0.262487143,0.737512857
Haloterrigena,Heliomicrobium,0.845540098,0.277902773,0.722097227